code,name,degree,discipline,specialization,duration,description,overview,skills,careers,industries
CSE,Computer Science and Engineering,B.E.,Computer Science,"Software Architecture, Cloud & Algorithms",4 Years,"Study of computing systems, software development, algorithms, and computational theory.","CSE is the primary engineering discipline focusing on software engineering, data structures, cloud infrastructure, and computational intelligence.","Python, Java, C++, Data Structures, System Design, SQL, Cloud Architecture","Software Development Engineer, Cloud Engineer, Systems Architect, Full Stack Developer","Product Tech, SaaS, FinTech, E-Commerce, Global Innovation Centers"
AIDS,Artificial Intelligence and Data Science,B.Tech,Computer Science & AI,"Machine Learning, Neural Networks & Analytics",4 Years,"Specialized program in machine learning, deep learning, big data analytics, and intelligent systems.","AIDS combines statistical analysis, data processing, and AI model building to solve complex automated decision-making challenges.","Machine Learning, Deep Learning, Python, TensorFlow, Big Data, Data Visualization","AI Engineer, Data Scientist, ML Ops Engineer, Business Intelligence Architect","Autonomous Mobility, Enterprise AI, FinTech, Healthcare Analytics"
AIML,Artificial Intelligence and Machine Learning,B.E.,Computer Science & AI,"Deep Learning, NLP & Computer Vision",4 Years,"Focused curriculum on neural architectures, natural language processing, computer vision, and predictive AI.",AIML teaches students how to design cognitive models capable of autonomous perception and deep learning.,"Neural Networks, NLP, Computer Vision, PyTorch, Model Deployment","ML Specialist, Computer Vision Engineer, NLP Scientist, Research Analyst","AI Labs, Robotics, Defense Tech, High-Frequency Trading"
IT,Information Technology,B.Tech,Information Technology,"Web Systems, DevOps & Enterprise Networks",4 Years,"Focuses on application engineering, network protocols, enterprise databases, and web services.","IT engineering emphasizes distributed systems, cloud computing, cyber infrastructures, and modern web applications.","Full Stack, Linux, DevOps, Kubernetes, Database Management, API Design","DevOps Engineer, IT Consultant, Web Architect, Security Administrator","Enterprise IT, Telecom, Digital Platforms, Banking Services"
ECE,Electronics and Communication Engineering,B.E.,Electronics,"VLSI, Embedded Systems & 5G/6G Wireless",4 Years,"Covers semiconductor devices, microprocessors, VLSI design, DSP, and cellular communications.","ECE bridges hardware and software, training engineers in chip design, IoT sensors, RF engineering, and digital signal processors.","VLSI Design, Verilog, Embedded C, Microcontrollers, MATLAB, RF Design","VLSI Design Engineer, Embedded Firmware Engineer, IoT Architect, Telecom Specialist","Semiconductors, Consumer Electronics, Automotive Tier 1, Aerospace"
EEE,Electrical and Electronics Engineering,B.E.,Electrical,"Smart Grids, EV Powertrains & Industrial Control",4 Years,"Study of electrical power grids, EV drive trains, control systems, and power electronics.","EEE focuses on renewable power plants, EV battery management, PLC automation, and industrial motors.","Power Electronics, Smart Grids, MATLAB, Control Systems, EV Architecture","Electrical Engineer, EV Powertrain Engineer, Automation Specialist, Grid Analyst","Electric Mobility, Renewable Energy, Heavy Industries, Power Utilities"
MECH,Mechanical Engineering,B.E.,Mechanical,"Mechatronics, Digital Manufacturing & Thermal Design",4 Years,"Core engineering branch dealing with mechanics, thermodynamics, robotics, and advanced manufacturing.","Mechanical Engineering equips students with physical modeling, FEA simulation, robotics, and additive manufacturing.","CAD/CAM, SolidWorks, ANSYS, Thermodynamics, Mechatronics, Robotics","Design Engineer, Thermal Analyst, Production Engineer, Robotics Specialist","Automotive, Aerospace, Heavy Machinery, Energy, Precision Engineering"
CIVIL,Civil Engineering,B.E.,Civil,"Structural Analysis, Geotechnics & Smart Cities",4 Years,"Focuses on structural design, transportation networks, environmental engineering, and sustainable infrastructure.","Civil Engineering involves designing, constructing, and maintaining resilient buildings, bridges, and metro networks.","AutoCAD, STAAD Pro, Structural Analysis, Geotechnical Engg, Project Estimation","Structural Engineer, Construction Project Manager, Urban Infrastructure Planner","Infrastructure Giants, Metro Rail Authorities, Real Estate Developers"
CYBER,Cyber Security,B.E.,Computer Science,"Ethical Hacking, Cryptography & Threat Hunting",4 Years,"Specialized program covering network security, penetration testing, cryptography, and digital forensics.",Prepares students to protect corporate and government digital assets against attacks and vulnerability exploits.,"Penetration Testing, Cryptography, Wireshark, SOC Operations, Python, Linux","Security Operations Analyst, Penetration Tester, Cyber Consultant","Defense Agencies, FinTech, Banking & Cybersecurity Firms"
BT,Biotechnology,B.Tech,Bio-Engineering,"Genetic Engineering, Bioprocessing & Bioinformatics",4 Years,"Application of biological systems and computational modeling for pharma, healthcare, and agriculture.","Bridges biology, chemistry, and computation to create life-saving therapeutics, bio-fuels, and molecular diagnostics.","Molecular Biology, Bioinformatics, Python for Genomics, Fermentation Technology","Bioprocess Engineer, Bioinformatics Scientist, Clinical Research Associate","Biopharma, Vaccine Manufacturing, Agri-Tech, Diagnostic Research"
BM,Biomedical Engineering,B.E.,Bio-Engineering,"Medical Imaging, Biosensors & Prosthetics",4 Years,"Design of medical instrumentation, artificial implants, diagnostic imaging, and biomaterials.",Combines engineering principles with medical sciences to innovate healthcare diagnostic tools and therapeutic devices.,"Biomedical Instrumentation, Medical Signal Processing, Bio-sensors, CAD for Implants","Biomedical Equipment Specialist, Clinical Systems Engineer, Medical Device R&D","Medical Device Corporations, Hospitals, Diagnostic Tech Companies"
CB,Computer Science and Business Systems,B.Tech,Computer Science,Enterprise Architecture & Business Computing,4 Years,Designed in collaboration with Tata Consultancy Services to blend computer science with business strategy.,"Teaches enterprise computing, financial analytics, software architecture, and corporate decision science.","Data Structures, Financial Computing, Enterprise Architecture, Machine Learning","Enterprise Architect, Business Technologist, Product Manager, SDE","Global IT Consulting, Enterprise Tech, FinTech"
AUTO,Automobile Engineering,B.E.,Automotive Engineering,"Vehicle Dynamics, EV Powertrains & Automotive Electronics",4 Years,"Study of vehicle design, aerodynamics, internal combustion engines, and electric vehicle architectures.","Focuses on automotive chassis design, crash safety simulation, battery powertrains, and autonomous driving sensors.","Automotive CAD, MATLAB Simulink, Vehicle Dynamics, Engine Testing, Battery Sizing","Automotive Design Engineer, Powertrain Engineer, Homologation Engineer, Vehicle Calibration Specialist","Automotive OEMs, EV Startups, Tier 1 Auto Component Suppliers, Motorsport Engineering"
CHEM,Chemical Engineering,B.Tech,Chemical Engineering,"Petrochemicals, Process Control & Polymer Science",4 Years,"Principles of chemical reactions, thermodynamics, mass and heat transfer for process industries.","Trains engineers in designing chemical processing plants, green hydrogen systems, petrochemical reactors, and polymers.","ASPEN Plus, Process Flow Diagrams, Mass Transfer, Reaction Kinetics, Chemical Safety","Process Design Engineer, Refinery Plant Engineer, Quality Assurance Specialist, HSE Engineer","Petrochemicals, Energy, Pharmaceuticals, Fertilizers, Specialty Chemicals"
FT,Food Technology,B.Tech,Food Science & Engineering,"Food Processing, Quality Assurance & Packaging Tech",4 Years,"Engineering methods for processing, preservation, quality testing, and packaging of food products.","Integrates biochemistry and process engineering for industrial food preservation, sterile packaging, and quality standards.","Food Microbiology, HACCP Standards, Thermal Processing, Sensory Evaluation, Cold Chain Logistics","Food Safety Officer, Quality Control Manager, New Product Development Technologist, Process Engineer","Food Processing Corporations, FMCG Brands, Beverage Companies, Export Certification Bodies"
RA,Robotics and Automation,B.E.,Mechatronics & Robotics,"Industrial Robotics, Computer Vision & Autonomous Systems",4 Years,"Interdisciplinary engineering branch combining mechanical kinematics, electronic controllers, and AI navigation.","Equips engineers to program robotic arms, industrial cobots, AGVs, and smart factory automation lines.","ROS (Robot Operating System), PLC Programming, Computer Vision, Kinematics, Python, Embedded Systems","Robotics Engineer, Industrial Automation Specialist, Cobot Integrator, Mechatronics Designer","Automated Manufacturing, Warehousing & Logistics, Aerospace, Defense, Precision Robotics"