tnea_code,name,short_name,institution_type,ownership,district,city,address,pincode,university,affiliation,autonomous,established_year,accreditation,website,phone,email,ranking,placement_rate,avg_package,description
0001,"College of Engineering, Guindy (CEG - Anna University)",CEG Anna University,University Department,Government,Chennai,Chennai,"12, Sardar Patel Road, Guindy, Chennai, Tamil Nadu",600025,"Anna University, Chennai",Anna University Department,true,1794,"NAAC A++, NIRF Top 15",https://ceg.annauniv.edu,044-22358491,dean@ceg.annauniv.edu,13,98.2,13.5,"Oldest technical institution in Asia, established in 1794. Premier flagship engineering institution of Tamil Nadu with world-class faculty and extraordinary global alumni network."
0002,Alagappa Chettiar College of Technology (AC Tech - Anna University),AC Tech Anna University,University Department,Government,Chennai,Chennai,"Sardar Patel Road, Guindy, Chennai, Tamil Nadu",600025,"Anna University, Chennai",Anna University Department,true,1944,"NAAC A++, NBA Accredited",https://act.annauniv.edu,044-22359100,deanact@annauniv.edu,22,96,10.2,"Premier university department specializing in chemical engineering, biotechnology, ceramic technology, and industrial engineering."
0003,School of Architecture and Planning (SAP - Anna University),SAP Anna University,University Department,Government,Chennai,Chennai,"Sardar Patel Road, Guindy, Chennai, Tamil Nadu",600025,"Anna University, Chennai",Anna University Department,true,1957,NAAC A++,https://sap.annauniv.edu,044-22359200,deansap@annauniv.edu,,92,7.2,Pioneering architecture and planning institution under Anna University campus.
0004,Madras Institute of Technology (MIT - Anna University),MIT Chromepet,University Department,Government,Chengalpattu,"Chromepet, Chennai","MIT Road, Chromepet, Chennai, Tamil Nadu",600044,"Anna University, Chennai",Anna University Department,true,1949,"NAAC A++, NBA Accredited",https://mitindia.edu,044-22232403,dean@mitindia.edu,18,97.5,11.8,"Alma mater of Bharat Ratna Dr. A.P.J. Abdul Kalam. Pioneer in Aeronautical, Automobile, Instrumentation, and Computer Technology."
1013,"University College of Engineering, Villupuram",UCE Villupuram,Constituent College,Government,Viluppuram,"Kakkathoppu, Villupuram","Kakkathoppu, Villupuram, Tamil Nadu",605103,"Anna University, Chennai",Anna University Constituent College,false,2008,NBA Accredited,http://www.aucev.edu.in,04146-224500,ucev_dean@yahoo.com,,82,4.8,Anna University constituent engineering institution catering to Northern Tamil Nadu.
1014,"University College of Engineering, Tindivanam",UCE Tindivanam,Constituent College,Government,Viluppuram,Tindivanam,"Melpakkam, Tindivanam, Tamil Nadu",604001,"Anna University, Chennai",Anna University Constituent College,false,2008,Anna University Approved,http://www.aucet.in,04147-224477,deantindivanam@annauniv.edu,,80.5,4.5,Constituent engineering college of Anna University in Tindivanam taluk.
1015,"University College of Engineering, Arni",UCE Arni,Constituent College,Government,Tiruvannamalai,Arni,"Thatchur, Arni, Tiruvannamalai District, Tamil Nadu",632326,"Anna University, Chennai",Anna University Constituent College,false,2009,Anna University Approved,http://www.aucea.edu.in,04173-227222,deanaucea@gmail.com,,79,4.2,Direct constituent technical college of Anna University in Tiruvannamalai district.
1026,"University College of Engineering, Kanchipuram",UCE Kanchipuram,Constituent College,Government,Kanchipuram,Kanchipuram,"Karaipettai Village, Kanchipuram, Tamil Nadu",631552,"Anna University, Chennai",Anna University Constituent College,false,2010,Anna University Approved,http://www.aucek.in,044-27277224,ucek_dean@annauniv.edu,,83.5,4.9,Anna University constituent college serving the historic city of Kanchipuram.
1101,Aalim Muhammed Salegh College of Engineering,AMS College of Engineering,Self Financing,Private,Chennai,"Avadi, Chennai","Muthapudupet, IAF, Avadi, Chennai, Tamil Nadu",600055,"Anna University, Chennai",Anna University,false,2000,NAAC Accredited,https://aalimec.ac.in,044-26842627,info@aalimec.ac.in,,84,4.8,Muslim religious minority self-financing engineering college located in Avadi IAF area.
1106,Jaya Engineering College,Jaya Engineering College,Self Financing,Private,Tiruvallur,Thiruninravur,"CTH Road, Prakash Nagar, Thiruninravur, Tamil Nadu",602024,"Anna University, Chennai",Anna University,false,1995,NAAC B++,https://jec.ac.in,044-26300982,info@jec.ac.in,,82,4.5,Established engineering college in Thiruninravur suburban belt.
1107,Jaya Institute of Technology,Jaya Tech,Self Financing,Private,Tiruvallur,Kanchipadi,"Kanchipadi, Tiruvallur District, Tamil Nadu",631204,"Anna University, Chennai",Anna University,false,2001,AICTE Approved,https://jit.ac.in,044-27873616,principal@jit.ac.in,,78,4,Self-financing technical institute managed by the Jaya Group of Institutions.
1110,Prathyusha Engineering College,Prathyusha Engineering College,Self Financing,Private Autonomous,Tiruvallur,"Aranvoyalkuppam, Tiruvallur","Poonamallee-Tiruvallur Road, Aranvoyalkuppam, Tamil Nadu",602025,"Anna University, Chennai",Anna University,true,2001,"NAAC A, NBA Accredited",https://prathyusha.edu.in,044-37673767,principal@prathyusha.edu.in,,88.5,5.2,Autonomous engineering college on Poonamallee-Tiruvallur highway with research centers.
1112,R.M.D. Engineering College,RMD Engineering College,Self Financing,Private Autonomous,Tiruvallur,Kavaraipettai,"RSM Nagar, Kavaraipettai, Gummidipoondi Taluk, Tamil Nadu",601206,"Anna University, Chennai",Anna University,true,2001,"NAAC A+, NBA Tier-1",https://rmd.ac.in,044-67919191,rmdecp@vsnl.com,160,94,6.2,Sister institution of RMK Group with strict academic discipline and excellent IT campus placement records.
1113,R.M.K. Engineering College,RMK Engineering College,Self Financing,Private Autonomous,Tiruvallur,Kavaraipettai,"RSM Nagar, Kavaraipettai, Tiruvallur District, Tamil Nadu",601206,"Anna University, Chennai",Anna University,true,1995,"NAAC A+, NBA Accredited",https://www.rmkec.ac.in,044-67906790,principal@rmkec.ac.in,145,95,6.8,Flagship engineering college of RMK Group. Lush green 60-acre campus with stellar corporate placements.
1114,S.A. Engineering College,SA Engineering College,Self Financing,Private Autonomous,Chennai,"Poonamallee, Chennai","Poonamallee-Avadi Road, Veeraraghavapuram, Thiruverkadu, Chennai",600077,"Anna University, Chennai",Anna University,true,1998,"NAAC A, NBA Accredited",https://saec.ac.in,044-26801999,saec@saec.ac.in,,89,5.4,Autonomous engineering college situated near Poonamallee junction with high core industry linkages.
1115,Sri Ram Engineering College,Sri Ram Engineering College,Self Financing,Private,Chennai,"Perumalpattu, Tiruvallur/Chennai","Perumalpattu, Veppampattu Railway Station, Tamil Nadu",602024,"Anna University, Chennai",Anna University,false,1993,AICTE Approved,https://srirangam.edu.in,044-27689364,srec@sriramtrust.org,,81,4.2,Pioneering private engineering college founded in 1993 along Chennai suburban rail route.
1118,Vel Tech High Tech Dr. Rangarajan Dr. Sakunthala Engineering College,Vel Tech High Tech,Self Financing,Private Autonomous,Chennai,"Avadi, Chennai","60, Avadi-Vel Tech Road, Avadi, Chennai, Tamil Nadu",600062,"Anna University, Chennai",Anna University,true,2002,"NAAC A, NBA Accredited",https://veltechhightech.com,044-26844738,principal@veltechhightech.com,,90,5.6,Autonomous institution under Vel Tech Trust focusing on industrial hands-on engineering.
1120,Velammal Engineering College,Velammal Chennai,Self Financing,Private Autonomous,Chennai,"Surapet, Chennai","Ambattur-Red Hills Road, Surapet, Chennai, Tamil Nadu",600066,"Anna University, Chennai",Anna University,true,1995,"NAAC A, NBA Accredited",https://velammal.edu.in,044-39666000,vec@velammal.edu.in,155,93.5,6.4,"Foremost institution of the Velammal Educational Trust, renowned for academic excellence and IT placements."
1122,Vel Tech Multi Tech Dr. Rangarajan Dr. Sakunthala Engineering College,Vel Tech Multi Tech,Self Financing,Private Autonomous,Tiruvallur,"Avadi, Chennai","#42, Avadi-Vel Tech Road, Avadi, Chennai, Tamil Nadu",600062,"Anna University, Chennai",Anna University,true,1999,"NAAC A, NBA Accredited",https://veltechmultitech.org,044-26844016,principal@veltechmultitech.org,,89.5,5.5,"Autonomous institution with strong focus on biotechnology, IT, and electronics."
1128,R.M.K. College of Engineering and Technology,RMKCET,Self Financing,Private Autonomous,Tiruvallur,Puduvoyal,"RSM Nagar, Puduvoyal, Gummidipoondi Taluk, Tamil Nadu",601206,"Anna University, Chennai",Anna University,true,2008,"NAAC A, NBA Accredited",https://rmkcet.ac.in,044-67900679,principal@rmkcet.ac.in,,92,5.8,Younger autonomous campus under the prestigious RMK Educational Trust.
1133,Annai Veilankanni's College of Engineering,AVCE,Self Financing,Private,Tiruvallur,Perungalathur/Tiruvallur,"Poonamallee High Road, Tiruvallur, Tamil Nadu",602001,"Anna University, Chennai",Anna University,false,2012,AICTE Approved,,,,,76,3.8,Self-financing engineering college offering core and IT disciplines in Tiruvallur.
1149,P.B. College of Engineering,PB College of Engg,Self Financing,Private,Tiruvallur,Irungattukottai,"Bangalore Highway, Irungattukottai, Sriperumbudur Taluk, Tamil Nadu",602117,"Anna University, Chennai",Anna University,false,2002,AICTE Approved,http://pbce.in,044-27156200,info@pbce.in,,80,4.2,Located in the industrial heartland along Chennai-Bangalore highway.
1211,Rajalakshmi Engineering College (REC),REC Chennai,Self Financing,Private Autonomous,Kanchipuram,"Thandalam, Chennai","Rajalakshmi Nagar, Thandalam, Chennai, Tamil Nadu",602105,"Anna University, Chennai",Anna University,true,1997,"NAAC A++, NBA Accredited",https://www.rajalakshmi.org,044-67181111,principal@rajalakshmi.edu.in,98,93.5,6.8,"Rapidly growing autonomous engineering college known for active industrial tie-ups, Apple iOS Lab, and high volume campus selections."
1219,Sri Venkateswara College of Engineering (SVCE),SVCE Sriperumbudur,Self Financing,Private Autonomous,Kanchipuram,Sriperumbudur,"Pennalur, Sriperumbudur, Kanchipuram District, Tamil Nadu",602117,"Anna University, Chennai",Anna University,true,1985,"NAAC A+, NBA Accredited",https://www.svce.ac.in,044-27152000,principal@svce.ac.in,112,93,6.9,One of the pioneering self-financing institutions located in the Chennai automotive and manufacturing corridor.
1228,Alpha College of Engineering,Alpha Engg College,Self Financing,Private,Kanchipuram,"Thirumazhisai, Chennai","Thirumazhisai, Chennai, Tamil Nadu",600124,"Anna University, Chennai",Anna University,false,2006,AICTE Approved,https://alphagroup.edu,044-26495678,info@alphagroup.edu,,81,4.2,Engineering wing of the long-standing Alpha Educational Society.
1304,Easwari Engineering College,Easwari Engg College,Self Financing,Private Autonomous,Chennai,"Ramapuram, Chennai","Bharathi Salai, Ramapuram, Chennai, Tamil Nadu",600089,"Anna University, Chennai",Anna University,true,1996,"NAAC A, NBA Accredited",https://srmeaswari.ac.in,044-43923041,principal@easwari.ac.in,130,94,7.2,"Part of the SRM Group, situated within central Chennai city at Ramapuram with stellar placement numbers."
1306,Jeppiaar Engineering College,Jeppiaar Engineering College,Self Financing,Private,Chennai,"Semmancheri, OMR","Jeppiaar Nagar, Rajiv Gandhi Salai (OMR), Chennai, Tamil Nadu",600119,"Anna University, Chennai",Anna University,false,2001,NAAC A,https://jeppiaarcollege.org,044-24502818,office@jeppiaarcollege.org,,88,5.5,Prominent engineering college located right along the IT Highway at Semmancheri.
1307,Jerusalem College of Engineering,Jerusalem Engg College,Self Financing,Private Autonomous,Kanchipuram,"Pallikaranai, Chennai","Velachery Main Road, Narayanapuram, Pallikaranai, Chennai",600100,"Anna University, Chennai",Anna University,true,1995,"NAAC A, NBA Accredited",https://jerusalemengg.ac.in,044-67444000,principal@jerusalemengg.ac.in,,89,5.2,Autonomous engineering college adjacent to Velachery-Pallikaranai tech corridor.
1309,Meenakshi Sundararajan Engineering College,MSEC Kodambakkam,Self Financing,Private Autonomous,Chennai,"Kodambakkam, Chennai","363, Arcot Road, Kodambakkam, Chennai, Tamil Nadu",600024,"Anna University, Chennai",Anna University,true,2001,"NAAC A, NBA Accredited",https://msec.edu.in,044-24801636,principal@msec.edu.in,,93,6.8,"Centrally located within prime Chennai city, renowned for exceptional academic discipline and civil/tech placements."
1311,K.C.G. College of Technology,KCG College of Technology,Self Financing,Private Autonomous,Chennai,"Karapakkam, OMR","KCG Nagar, Rajiv Gandhi Salai, Karapakkam, Chennai, Tamil Nadu",600097,"Anna University, Chennai",Anna University,true,1998,"NAAC A+, NBA Accredited",https://kcgcollege.ac.in,044-24503232,principal@kcgcollege.com,,91.5,5.8,"Member of the Hindustan Group of Institutions, strategically situated in the Karapakkam IT corridor."
1315,Sri Sivasubramaniya Nadar College of Engineering (SSN),SSN College of Engineering,Self Financing,Private Autonomous,Chengalpattu,"Kalavakkam, OMR","Rajiv Gandhi Salai (OMR), Kalavakkam, Chengalpattu, Tamil Nadu",603110,"Anna University, Chennai",Anna University,true,1996,"NAAC A++, NIRF Top 45",https://www.ssn.edu.in,044-27469700,info@ssn.edu.in,45,97.2,10.5,"Founded by Shiv Nadar, founder of HCL. Sprawling 250-acre Wi-Fi campus with multi-crore research grants, high merit scholarships, and top placements."
1316,Agni College of Technology,Agni College of Tech,Self Financing,Private,Chengalpattu,"Thalambur, OMR","Old Mahabalipuram Road, Thalambur, Chennai, Tamil Nadu",600130,"Anna University, Chennai",Anna University,false,2001,NBA Accredited,https://act.edu.in,044-67408888,mail@act.edu.in,,85,4.8,Located in the Navalur-Thalambur tech cluster with practical maker laboratories.
1317,St. Joseph's College of Engineering,St. Joseph's Engineering,Self Financing,Private Autonomous,Chennai,"OMR, Chennai","Jeppiaar Nagar, Old Mahabalipuram Road, Chennai, Tamil Nadu",600119,"Anna University, Chennai",Anna University,true,1994,"NAAC A+, NBA Tier-1",https://stjosephs.ac.in,044-24501060,jprstjosephs@stjosephs.ac.in,120,94.5,6.8,Pioneer self-financing autonomous college on OMR recognized for consistent high academic ranks and campus hiring.
1318,T.J.S Engineering College,TJS Engineering College,Self Financing,Private,Tiruvallur,Peruvoyal,"GNT Road, Peruvoyal, Near Kavaraipettai, Tamil Nadu",601206,"Anna University, Chennai",Anna University,false,2009,NAAC Accredited,https://tjsiec.ac.in,044-27967600,tjsivanandam@tjsiec.ac.in,,80,4.2,Engineering college situated on the national highway towards Gummidipoondi.
1319,Thangavelu Engineering College,Thangavelu Engineering,Self Financing,Private,Chennai,"Karapakkam, OMR","Rajiv Gandhi Salai, Karapakkam, Chennai, Tamil Nadu",600097,"Anna University, Chennai",Anna University,false,1995,AICTE Approved,http://thangavelu.edu.in,044-24501177,tec@thangavelu.edu.in,,79,4,Long-standing engineering college located directly on the IT corridor.
1321,Karpaga Vinayaga College of Engineering and Technology,KVCET,Self Financing,Private,Chengalpattu,Madhuranthakam,"GST Road, Chinna Kolambakkam, Madhuranthakam Taluk, Tamil Nadu",603308,"Anna University, Chennai",Anna University,false,2001,NAAC Accredited,https://kveg.in,044-27565150,kvcet@kveg.in,,82,4.5,Sprawling campus on GST Road offering engineering and biomedical sciences.
1322,Dhanalakshmi College of Engineering,Dhanalakshmi Engg,Self Financing,Private,Chengalpattu,Manimangalam,"Dr. V.P.R Nagar, Manimangalam, Tambaram West, Chennai",601301,"Anna University, Chennai",Anna University,false,2001,NAAC Accredited,https://dce.edu.in,044-71011111,info@dce.edu.in,,83.5,4.6,Engineering college near West Tambaram with strong automotive ties.
1324,Sri Sai Ram Engineering College,Sri Sai Ram Engineering,Self Financing,Private Autonomous,Chennai,"West Tambaram, Chennai","Sai Leo Nagar, West Tambaram, Chennai, Tamil Nadu",600044,"Anna University, Chennai",Anna University,true,1995,"NAAC A+, NBA Tier-1",https://sairam.edu.in,044-22512222,sairam@sairam.edu.in,108,95.2,7.2,Top-tier autonomous institution in West Tambaram with outstanding track record in campus recruitments.
1325,Sri Muthukumaran Institute of Technology,SMIT Chikkarayapuram,Self Financing,Private,Kanchipuram,"Chikkarayapuram, Near Mangadu","Near Mangadu, Chikkarayapuram, Chennai, Tamil Nadu",600069,"Anna University, Chennai",Anna University,false,1996,NAAC Accredited,https://smit.edu.in,044-24780002,info@smit.edu.in,,80,4.2,Engineering college situated adjacent to Mangadu and Porur suburbs.
1399,Chennai Institute of Technology (CIT Chennai),CIT Chennai,Self Financing,Private Autonomous,Chennai,"Kundrathur, Chennai","SH-113, Sarathy Nagar, Kundrathur, Chennai, Tamil Nadu",600069,"Anna University, Chennai",Anna University,true,2010,"NAAC A++, NBA Accredited",https://www.citchennai.edu.in,044-71119111,info@citchennai.net,110,96.5,8.5,"Rapidly emerging premier autonomous institution with state-of-the-art Centers of Excellence with KUKA, ABB, and top product MNCs."
1405,Mailam Engineering College,Mailam Engineering College,Self Financing,Private,Viluppuram,"Mailam, Tindivanam","Mailam, Tindivanam Taluk, Viluppuram District, Tamil Nadu",604304,"Anna University, Chennai",Anna University,false,1998,"NAAC Accredited, NBA",https://mailamengg.com,04147-241515,mec@mailamengg.com,,86,4.8,Prominent technical institution in Viluppuram district with consistent campus placements.
1413,Sri Venkateswaraa College of Technology,SVCT Vadakal,Self Financing,Private,Kanchipuram,"Vadakal, Sriperumbudur","Vadakal Village, Sriperumbudur, Tamil Nadu",602105,"Anna University, Chennai",Anna University,false,2010,AICTE Approved,http://svct.edu.in,044-27163888,info@svct.edu.in,,82,4.4,College located in Sriperumbudur SIPCOT industrial belt.
1421,V.R.S. College of Engineering and Technology,VRS College of Engg,Self Financing,Private,Viluppuram,Arasur,"Arasur, Viluppuram District, Tamil Nadu",607107,"Anna University, Chennai",Anna University,false,1994,NAAC Accredited,http://vrscet.in,04149-209153,vrscet@yahoo.com,,80,4.2,Long-running rural engineering college in Viluppuram district.
1422,SRM Valliammai Engineering College,Valliammai Engg College,Self Financing,Private Autonomous,Chengalpattu,Kattankulathur,"SRM Nagar, Kattankulathur, Chengalpattu District, Tamil Nadu",603203,"Anna University, Chennai",Anna University,true,1999,"NAAC A, NBA Tier-1",https://srmvalliammai.ac.in,044-27454784,srmvec@valliammai.co.in,148,93.5,6.2,Autonomous engineering college under the Valliammai Society sharing the massive Kattankulathur education city.
1424,D.M.I. College of Engineering,DMI College of Engg,Self Financing,Private,Chengalpattu,"Palanchur, Chennai","Palanchur, Nazrethpet Post, Chennai, Tamil Nadu",600123,"Anna University, Chennai",Anna University,false,2001,NBA Accredited,https://dmice.ac.in,044-26810641,dmice@dmi.edu.in,,84,4.6,Christian minority technical institution situated on Chennai-Bangalore highway.
1427,St. Joseph's Institute of Technology,St. Joseph's Tech,Self Financing,Private Autonomous,Chengalpattu,"OMR, Chennai","Jeppiaar Nagar, Old Mahabalipuram Road, Chennai, Tamil Nadu",600119,"Anna University, Chennai",Anna University,true,2011,"NAAC A+, NBA Accredited",https://stjosephstechnology.ac.in,044-24503132,principal@stjosephstechnology.ac.in,,93,6.5,Second autonomous institution from St. Joseph’s Group located on OMR.
1432,Rajalakshmi Institute of Technology (RIT),RIT Chennai,Self Financing,Private Autonomous,Kanchipuram,"Kuthambakkam, Chennai","Kuthambakkam Post, Poonamallee, Chennai, Tamil Nadu",600124,"Anna University, Chennai",Anna University,true,2008,"NAAC A, NBA Accredited",https://ritchennai.org,044-67181600,principal@ritchennai.edu.in,,92.5,6.2,Modern autonomous engineering college established under Rajalakshmi Institutions.
1438,Saveetha Engineering College,Saveetha Engineering College,Self Financing,Private Autonomous,Kanchipuram,"Thandalam, Chennai","Saveetha Nagar, Thandalam, Kanchipuram District, Tamil Nadu",602105,"Anna University, Chennai",Anna University,true,2001,"NAAC A, NBA Tier-1",https://saveetha.ac.in,044-66726672,principal@saveetha.ac.in,138,93,6.4,Autonomous engineering college pioneer of the FlexiLearn autonomous curriculum and innovation hubs.
1445,Sri Sai Ram Institute of Technology,Sai Ram Institute of Tech,Self Financing,Private Autonomous,Chengalpattu,"West Tambaram, Chennai","Sai Leo Nagar, West Tambaram, Chennai, Tamil Nadu",600044,"Anna University, Chennai",Anna University,true,2008,"NAAC A+, NBA Accredited",https://sairamit.edu.in,044-22512111,sairamit@sairamit.edu.in,,93,6.4,Sister autonomous institution within the Sai Ram educational complex.
1450,Loyola-ICAM College of Engineering and Technology (LICET),LICET Chennai,Self Financing,Private Autonomous,Chennai,"Nungambakkam, Chennai","Loyola College Campus, Nungambakkam, Chennai, Tamil Nadu",600034,"Anna University, Chennai",Anna University,true,2010,"NAAC A, NBA Accredited",https://licet.ac.in,044-28178490,licet@licet.ac.in,,94,7.2,"Unique Indo-French partnership between Loyola College Chennai and ICAM France, located in heart of Chennai city."
1503,Arulmigu Meenakshi Amman College of Engineering,AMACE Vadamavandal,Self Financing,Private,Tiruvannamalai,"Vadamavandal, Cheyyar","Vadamavandal, Cheyyar Taluk, Tiruvannamalai District, Tamil Nadu",604410,"Anna University, Chennai",Anna University,false,1984,AICTE Approved,http://amace.in,04182-247272,amace@amace.in,,80,4.2,One of the earliest private engineering colleges established in Cheyyar taluk.
1504,Adhiparasakthi Engineering College,Adhiparasakthi Engg,Self Financing,Private Autonomous,Chengalpattu,Melmaruvathur,"GST Road, Melmaruvathur, Chengalpattu District, Tamil Nadu",603319,"Anna University, Chennai",Anna University,true,1984,"NAAC A, NBA Accredited",https://apec.edu.in,044-27529247,principal@apec.edu.in,,88,5.2,Autonomous engineering college founded by the ACMEC Trust on GST Road.
1505,C. Abdul Hakeem College of Engineering and Technology,CAHCET Melvisharam,Self Financing,Private,Ranipet,"Melvisharam, Ranipet","Hakeem Nagar, Melvisharam, Ranipet District, Tamil Nadu",632509,"Anna University, Chennai",Anna University,false,1998,NAAC Accredited,https://cahcet.edu.in,04172-267387,cahcet@yahoo.com,,83,4.6,Established engineering college in Ranipet industrial leather corridor.
1516,Thanthai Periyar Government Institute of Technology (TPGIT),TPGIT Vellore,Government,Government,Vellore,"Bagayam, Vellore","Bagayam, Vellore, Tamil Nadu",632002,"Anna University, Chennai",Anna University,false,1990,"AICTE Approved, NBA",https://www.tpgit.edu.in,0416-2260341,tpgit@yahoo.com,,86.5,5.5,Premier government engineering college in Vellore district with nominal state tuition fees.
1520,Kingston Engineering College,Kingston Engg Vellore,Self Financing,Private,Vellore,"Chittoor Main Road, Vellore","Christianpet, Katpadi, Vellore, Tamil Nadu",632059,"Anna University, Chennai",Anna University,false,2008,NAAC Accredited,https://kingston.ac.in,0416-2295831,info@kingston.ac.in,,84,4.6,Modern campus in Katpadi near Chittoor highway.
1526,Podhigai College of Engineering and Technology,Podhigai Engg,Self Financing,Private,Tirupathur,Tirupathur,"Velakalanatham Post, Tirupathur District, Tamil Nadu",635654,"Anna University, Chennai",Anna University,false,2009,AICTE Approved,,,,,77,3.8,Technical education institute serving Tirupathur and Yelagiri foothills region.
2005,Government College of Technology (GCT),GCT Coimbatore,Government,Government,Coimbatore,Coimbatore,"Thadagam Road, Coimbatore, Tamil Nadu",641013,"Anna University, Chennai",Anna University,true,1945,"NAAC A, NBA Accredited",https://www.gct.ac.in,0422-2432221,principal@gct.ac.in,95,91.5,7.5,"Historical government engineering institution in the Kongu region with top-tier faculty, affordable fee structure, and excellent campus recruitments."
2006,PSG College of Technology,PSG Tech,Government Aided,Government-Aided Autonomous,Coimbatore,Coimbatore,"Post Box No. 1611, Peelamedu, Coimbatore, Tamil Nadu",641004,"Anna University, Chennai",Anna University,true,1951,"NAAC A++, NBA Tier-1 Accredited",https://www.psgtech.edu,0422-2572177,principal@psgtech.edu,53,96.8,10.8,"Renowned industry-linked institution founded by the PSG & Sons Charities. Unrivalled industry tie-ups, manufacturing centers, and high placement records."
2007,Coimbatore Institute of Technology (CIT),CIT Coimbatore,Government Aided,Government-Aided Autonomous,Coimbatore,Coimbatore,"Civil Aerodrome Post, Coimbatore, Tamil Nadu",641014,"Anna University, Chennai",Anna University,true,1956,"NAAC A+, NBA Accredited",https://www.cit.edu.in,0422-2574071,principal@cit.edu.in,102,93.5,8.4,"Premier government-aided autonomous institution founded by the V. Rangasamy Naidu Educational Trust, renowned for technical excellence and research."
2025,"Anna University Regional Campus, Coimbatore",AURC Coimbatore,University Department,Government,Coimbatore,"Navavoor, Coimbatore","Maruthamalai Main Road, Somayampalayam, Coimbatore, Tamil Nadu",641046,"Anna University, Chennai",Anna University Regional Center,false,2007,Anna University Direct Campus,https://aurcc.ac.in,0422-2984009,dean@aurcc.ac.in,,87,5.6,Direct university campus of Anna University established on Maruthamalai Road.
2377,PSG Institute of Technology and Applied Research (PSG iTech),PSG iTech,Self Financing,Private Autonomous,Coimbatore,"Neelambur, Coimbatore","Avinashi Road, Neelambur, Coimbatore, Tamil Nadu",641062,"Anna University, Chennai",Anna University,true,2014,"NAAC A+, NBA Tier-1",https://www.psgitech.ac.in,0422-3933555,principal@psgitech.ac.in,85,95,8.8,"The premier next-generation institution from PSG Trust, providing state-of-the-art infrastructure and rigorous academic standards."
2378,"Government Engineering College, Erode (Formerly IRTT)",GEC Erode (IRTT),Government,Government,Erode,"Chithode, Erode","Vasavi College Post, Chithode, Erode, Tamil Nadu",638316,"Anna University, Chennai",Anna University,false,1984,AICTE Approved,https://gcerode.edu.in,0424-2533279,principal@gcerode.edu.in,,86,5.4,"Pioneered by the Institute of Road Transport, now directly administered as Government Engineering College Erode."
2602,Adhiyamaan College of Engineering (ACE),Adhiyamaan Engg Hosur,Self Financing,Private Autonomous,Krishnagiri,Hosur,"Aeri Campus, Dr. M.G.R. Nagar, Hosur, Krishnagiri District, Tamil Nadu",635109,"Anna University, Chennai",Anna University,true,1987,"NAAC A, NBA Accredited",https://adhiyamaan.ac.in,04344-260570,principal@adhiyamaan.ac.in,,89,5.5,Autonomous engineering college in Hosur industrial hub bordering Bengaluru with high automobile recruiting.
2603,"Government College of Engineering, Bargur",GCE Bargur,Government,Government,Krishnagiri,Bargur,"NH 46, Bargur, Krishnagiri District, Tamil Nadu",635108,"Anna University, Chennai",Anna University,true,1994,"NAAC B++, NBA Accredited",https://gcebargur.ac.in,04343-266067,principal@gcebargur.ac.in,,87,5.8,Government engineering college located on NH-46 in Krishnagiri district.
2607,K.S. Rangasamy College of Technology (KSRCT),KSRCT Tiruchengode,Self Financing,Private Autonomous,Namakkal,Tiruchengode,"KSR Kalvi Nagar, Tiruchengode, Namakkal District, Tamil Nadu",637215,"Anna University, Chennai",Anna University,true,1994,"NAAC A++, NBA Accredited",https://ksrct.ac.in,04288-274741,principal@ksrct.ac.in,,91,5.8,Large 400-acre educational campus in Tiruchengode with multidisciplinary engineering programs.
2608,M. Kumarasamy College of Engineering,MKCE Karur,Self Financing,Private Autonomous,Karur,"Thalavapalayam, Karur","Thalavapalayam, Karur, Tamil Nadu",639113,"Anna University, Chennai",Anna University,true,2000,"NAAC A, NBA Accredited",https://mkce.ac.in,04324-272155,info@mkce.ac.in,,90,5.4,Foremost autonomous engineering college in Karur district situated on Karur-Salem highway.
2611,Paavai College of Engineering,Paavai College of Engg,Self Financing,Private,Namakkal,"Pachal, Namakkal","NH-44, Pachal, Namakkal, Tamil Nadu",637018,"Anna University, Chennai",Anna University,false,2006,AICTE Approved,https://pce.paavai.edu.in,04286-243038,pce@paavai.edu.in,,83,4.4,Engineering campus under the Paavai Institutions on NH-44 highway.
2612,PGP College of Engineering and Technology,PGP College of Engg,Self Financing,Private,Namakkal,"Paramathi, Namakkal","NH-7, Namakkal-Karur Main Road, Namakkal, Tamil Nadu",637207,"Anna University, Chennai",Anna University,false,1999,NAAC Accredited,http://pgpcolleges.com,04286-267404,pgpcet@pgpcolleges.com,,80,4.2,Founded by NRI industrialist Dr. Palani G. Periasamy along NH-7.
2613,K.S.R. Institute for Engineering and Technology,KSRIET,Self Financing,Private Autonomous,Namakkal,Tiruchengode,"KSR Kalvi Nagar, Tiruchengode, Namakkal District, Tamil Nadu",637215,"Anna University, Chennai",Anna University,true,2011,"NAAC A, NBA Accredited",https://ksriet.ac.in,04288-274773,info@ksriet.ac.in,,89,5.2,Autonomous engineering college under KSR Educational Institutions.
2614,Knowledge Institute of Technology (KIOT),KIOT Salem,Self Financing,Private Autonomous,Salem,"Kakapalayam, Salem","KIOT Campus, Kakapalayam, Salem, Tamil Nadu",637504,"Anna University, Chennai",Anna University,true,2009,"NAAC A, NBA Accredited",https://kiot.ac.in,0427-2433900,principal@kiot.ac.in,,92,5.8,Prominent engineering college in Salem-Erode corridor with high industry placement conversion.
2615,"Government College of Engineering, Salem (GCE Salem)",GCE Salem,Government,Government,Salem,Salem,"Bangalore Highway, Salem, Tamil Nadu",636011,"Anna University, Chennai",Anna University,true,1966,"NAAC A, NBA Accredited",https://gcesalem.edu.in,0427-2346157,principal@gcesalem.edu.in,135,88,6,"Reputed government engineering institution with extensive campus, strong alumni base, and distinguished department centers."
2617,P.S.V. College of Engineering and Technology,PSV College of Engg,Self Financing,Private,Krishnagiri,"Mittapalli, Krishnagiri","Balinayanapalli, Mittapalli, Krishnagiri, Tamil Nadu",635108,"Anna University, Chennai",Anna University,false,2008,AICTE Approved,https://psvcollege.ac.in,04343-268333,psvcet@gmail.com,,79.5,4.1,College providing technical education in rural Krishnagiri district.
2618,Sona College of Technology,Sona Tech Salem,Self Financing,Private Autonomous,Salem,Salem,"Sona Nagar, Junction Main Road, Salem, Tamil Nadu",636005,"Anna University, Chennai",Anna University,true,1997,"NAAC A++, NBA Accredited",https://www.sonatech.ac.in,0427-4099999,info@sonatech.ac.in,125,91,5.9,Top autonomous college in Salem with notable contributions to ISRO space programs through their SonaSPEED motor development team.
2620,Vivekanandha College of Engineering for Women,Vivekanandha Women Engg,Self Financing,Private Autonomous,Namakkal,"Elayampalayam, Tiruchengode","Elayampalayam, Tiruchengode, Namakkal District, Tamil Nadu",637205,"Anna University, Chennai",Anna University,true,2001,"NAAC A+, NBA Accredited",https://vcew.ac.in,04288-234241,principal@vcew.ac.in,,90,5.5,Asia’s largest dedicated women’s educational campus founded by Angammal Educational Trust.
2621,AVS Engineering College,AVS Engg Salem,Self Financing,Private,Salem,"Ammapet, Salem","Military Road, Ammapet, Salem, Tamil Nadu",636003,"Anna University, Chennai",Anna University,false,2008,NAAC Accredited,https://avsenggcollege.ac.in,0427-2295666,info@avsenggcollege.ac.in,,83.5,4.5,Prominent private engineering college located in Salem urban periphery.
2622,Salem College of Engineering and Technology,Salem College of Engg,Self Financing,Private,Salem,"Panamarathupatti, Salem","Salem-Attur Main Road, Panamarathupatti, Salem, Tamil Nadu",636111,"Anna University, Chennai",Anna University,false,2009,AICTE Approved,http://salemcet.ac.in,0427-2489999,salemcet@gmail.com,,81,4.2,Technical college located on Salem-Attur highway.
2623,Jayam College of Engineering and Technology,Jayam College Dharmapuri,Self Financing,Private,Dharmapuri,"Nallanur, Dharmapuri","Pennagaram Road, Nallanur, Dharmapuri, Tamil Nadu",636813,"Anna University, Chennai",Anna University,false,1998,AICTE Approved,http://jcet.ac.in,04342-256422,jayamcet@gmail.com,,79,4,Long-standing engineering institution in Dharmapuri district.
2624,Gnanamani College of Technology,Gnanamani College of Tech,Self Financing,Private,Namakkal,"Pachal, Namakkal","NH-7, A.K.Samuthiram, Pachal, Namakkal, Tamil Nadu",637018,"Anna University, Chennai",Anna University,false,2006,NAAC Accredited,https://gct.org.in,04286-293888,info@gct.org.in,,82.5,4.4,Self-financing college situated on the Salem-Namakkal national highway.
2625,Mahendra Institute of Technology,Mahendra Inst of Tech,Self Financing,Private Autonomous,Namakkal,Mallasamudram,"Mahendhirapuri, Mallasamudram West, Namakkal District, Tamil Nadu",637503,"Anna University, Chennai",Anna University,true,2007,"NAAC A, NBA Accredited",https://mahendratech.org,04288-238777,info@mahendratech.org,,87,5,Autonomous engineering college under the Mahendra Educational Trust.
2627,V.S.B. Engineering College,VSB Karur,Self Financing,Private Autonomous,Karur,"Karudayampalayam, Karur","NH-67, Covai Road, Karudayampalayam, Karur, Tamil Nadu",639111,"Anna University, Chennai",Anna University,true,2002,"NAAC A, NBA Accredited",https://vsbec.com,04324-290141,principal@vsbec.com,,91,5.6,Autonomous college on Karur-Coimbatore highway recognized for solid IT recruiter network.
2628,Paavai Engineering College,Paavai Engineering,Self Financing,Private Autonomous,Salem,"Pachal, Namakkal/Salem","NH-44, Pachal, Namakkal, Tamil Nadu",637018,"Anna University, Chennai",Anna University,true,2001,"NAAC A, NBA Tier-1",https://pec.paavai.edu.in,04286-243058,pec@paavai.edu.in,,90.5,5.4,Autonomous flagship campus of the Paavai Group on NH-44 highway.
2630,Varuvan Vadivelan Institute of Technology,VVIT Dharmapuri,Self Financing,Private,Dharmapuri,"Gundalapatti, Dharmapuri","NH-7, Gundalapatti, Dharmapuri, Tamil Nadu",636701,"Anna University, Chennai",Anna University,false,2008,AICTE Approved,http://vvit.ac.in,04342-288777,info@vvit.ac.in,,78.5,3.9,College providing technical opportunities in Dharmapuri region.
2634,Excel Engineering College,Excel Engineering,Self Financing,Private Autonomous,Namakkal,Komarapalayam,"NH-544, Salem Main Road, Pallakkapalayam, Komarapalayam, Tamil Nadu",637303,"Anna University, Chennai",Anna University,true,2007,"NAAC A+, NBA Accredited",https://excelinstitutions.com,04288-227361,principal@excelcolleges.com,,89,5.2,Autonomous engineering college located on NH-544 between Salem and Coimbatore.
2635,Chettinad College of Engineering and Technology,Chettinad Tech Karur,Self Financing,Private,Karur,"Puliyur, Karur","NH-67, Karur-Trichy Highways, Puliyur CF, Karur, Tamil Nadu",639114,"Anna University, Chennai",Anna University,false,2007,NAAC Accredited,https://chettinadtech.ac.in,04324-251543,principalccet@chettinadtech.ac.in,,82,4.4,Institution managed by Rani Meyyammai Achi of the Chettinad Group.
2636,Selvam College of Technology,Selvam Tech Namakkal,Self Financing,Private Autonomous,Namakkal,"Ponnusamy Nagar, Namakkal","Salem Road, Ponnusamy Nagar, Pappinaickenpatti, Namakkal, Tamil Nadu",637003,"Anna University, Chennai",Anna University,true,2006,"NAAC B++, NBA Accredited",https://selvamtech.edu.in,04286-244602,contact@selvamtech.edu.in,,84.5,4.6,Autonomous technical institution in Namakkal town.
2638,Mahendra Engineering College,Mahendra Engg College,Self Financing,Private Autonomous,Namakkal,Mallasamudram,"Salem-Tiruchengode Highway, Mahendhirapuri, Mallasamudram, Tamil Nadu",637503,"Anna University, Chennai",Anna University,true,1995,"NAAC A, NBA Tier-1",https://mahendra.info,04288-238551,info@mahendra.info,,88.5,5.2,Pioneering autonomous engineering college founded by the Mahendra Trust.
2670,Er. Perumal Manimekalai College of Engineering,PMC Tech Hosur,Self Financing,Private Autonomous,Krishnagiri,"Konavattam, Hosur","Near Mathur, 17th Km Hosur-Krishnagiri Highways, Hosur, Tamil Nadu",635117,"Anna University, Chennai",Anna University,true,2002,"NAAC A, NBA Accredited",https://pmctech.org,04344-257243,pmctech@pmctech.org,,86.5,5,Autonomous engineering institution near Hosur with robust placement tie-ups.
2702,Bannari Amman Institute of Technology (BIT),BIT Sathy,Self Financing,Private Autonomous,Erode,Sathyamangalam,"Alathukombai Post, Sathyamangalam, Erode District, Tamil Nadu",638401,"Anna University, Chennai",Anna University,true,1996,"NAAC A++, NBA Accredited",https://www.bitsathy.ac.in,04295-226000,principal@bitsathy.ac.in,89,95.5,7.1,"Renowned for its unique self-directed learning culture, Special Learning Centers, 24/7 maker spaces, and scenic campus."
2704,Coimbatore Institute of Engineering and Technology (CIET),CIET Coimbatore,Self Financing,Private Autonomous,Coimbatore,"Narasipuram, Coimbatore","Vellimalaipattinam, Narasipuram Post, Thondamuthur, Coimbatore",641109,"Anna University, Chennai",Anna University,true,2001,NAAC A,https://cietcbe.edu.in,0422-2970701,cietcbe@cietcbe.edu.in,,88,5.2,Autonomous engineering college nestled near Vellingiri foothills.
2706,Dr. Mahalingam College of Engineering and Technology (MCET),MCET Pollachi,Self Financing,Private Autonomous,Coimbatore,Pollachi,"Udumalai Road, Anaimalai Toll Gate, Pollachi, Coimbatore, Tamil Nadu",642003,"Anna University, Chennai",Anna University,true,1998,"NAAC A++, NBA Tier-1",https://mcet.in,04259-236030,principal@drmcet.ac.in,,92,6.2,"Premier autonomous college in Pollachi founded by the Sakthi Group, boasting Siemens and TVS centers."
2707,Easa College of Engineering and Technology,Easa College,Self Financing,Private,Coimbatore,"Navakkarai, Coimbatore","Palakkad Main Road, Navakkarai, Coimbatore, Tamil Nadu",641105,"Anna University, Chennai",Anna University,false,2008,AICTE Approved,https://easacollege.com,0422-2622720,info@easacollege.com,,81,4.2,Engineering campus located on the Coimbatore-Palakkad highway.
2708,Hindusthan College of Engineering and Technology (HICET),HICET Coimbatore,Self Financing,Private Autonomous,Coimbatore,"Othakkalmandapam, Coimbatore","Valley Campus, Pollachi Main Road, Othakkalmandapam, Coimbatore",641032,"Anna University, Chennai",Anna University,true,2000,"NAAC A+, NBA Accredited",https://hicet.ac.in,0422-2930216,hicetprincipal@hindusthan.net,,91.5,5.6,Autonomous engineering college under Hindusthan Educational Trust with extensive campus.
2710,Karpagam College of Engineering,Karpagam Engg College,Self Financing,Private Autonomous,Coimbatore,"Othakkalmandapam, Coimbatore","Myleripalayam Village, Othakkalmandapam Post, Coimbatore, Tamil Nadu",641032,"Anna University, Chennai",Anna University,true,2000,"NAAC A, NBA Accredited",https://kce.ac.in,0422-2619047,info@kce.ac.in,,90,5.4,Autonomous engineering institution under Karpagam Charity Trust.
2711,Kongu Engineering College (KEC),Kongu Engineering College,Self Financing,Private Autonomous,Erode,Perundurai,"Perundurai Railway Station Road, Thoppupalayam, Perundurai, Tamil Nadu",638060,"Anna University, Chennai",Anna University,true,1984,"NAAC A++, NBA Accredited",https://www.kongu.ac.in,04294-226555,principal@kongu.ac.in,118,92.5,6.2,Extensive 167-acre campus in the Erode-Perundurai industrial belt with DST-sponsored Technology Business Incubator.
2712,Kumaraguru College of Technology (KCT),KCT Coimbatore,Self Financing,Private Autonomous,Coimbatore,Coimbatore,"Athipalayam Road, Chinnavedampatti, Coimbatore, Tamil Nadu",641049,"Anna University, Chennai",Anna University,true,1984,"NAAC A++, NBA Accredited",https://www.kct.ac.in,0422-2661100,info@kct.ac.in,70,94,8,"Dynamic 150-acre eco-friendly campus featuring the nationally renowned FORGE Innovation Accelerator, robust sports arena, and tech incubators."
2715,Sri Ramakrishna Engineering College (SREC),SREC Coimbatore,Self Financing,Private Autonomous,Coimbatore,"Vattamalaipalayam, Coimbatore","Vattamalaipalayam, NGGO Colony Post, Coimbatore, Tamil Nadu",641022,"Anna University, Chennai",Anna University,true,1994,"NAAC A+, NBA Accredited",https://www.srec.ac.in,0422-2460088,principal@srec.ac.in,110,92.5,6.4,"Prominent autonomous college in Coimbatore backed by SNR Sons Charitable Trust, featuring Bosch & PwC Centers of Excellence."
2716,Nandha Engineering College,Nandha Engg College,Self Financing,Private Autonomous,Erode,"Vaikkalmedu, Erode","Erode-Perundurai Main Road, Vaikkalmedu, Erode, Tamil Nadu",638052,"Anna University, Chennai",Anna University,true,2001,"NAAC A, NBA Accredited",https://nandhaengg.org,04294-225585,principal@nandhaengg.org,,88,5,Autonomous institution located on Erode-Perundurai road.
2718,Sri Krishna College of Engineering and Technology (SKCET),SKCET Coimbatore,Self Financing,Private Autonomous,Coimbatore,Coimbatore,"Sugunapuram, Kuniamuthur, Coimbatore, Tamil Nadu",641008,"Anna University, Chennai",Anna University,true,1998,"NAAC A, NBA Tier-1",https://www.skcet.ac.in,0422-2678001,info@skcet.ac.in,77,95,7.4,"Leading autonomous institution with modern digital learning infrastructure, hackathon-winning student culture, and strong IT recruiter network."
2719,Sri Ramakrishna Institute of Technology (SRIT),SRIT Coimbatore,Self Financing,Private Autonomous,Coimbatore,"Pachapalayam, Coimbatore","Pachapalayam, Perur Chettipalayam, Coimbatore, Tamil Nadu",641010,"Anna University, Chennai",Anna University,true,2002,"NAAC A, NBA Accredited",https://srit.org,0422-2605577,principal@srit.org,,90,5.6,Autonomous engineering college under SNR Sons Charitable Trust in Pachapalayam.
2722,Sri Krishna College of Technology (SKCT),SKCT Coimbatore,Self Financing,Private Autonomous,Coimbatore,"Kovaipudur, Coimbatore","Arivu Nagar, Kovaipudur, Coimbatore, Tamil Nadu",641042,"Anna University, Chennai",Anna University,true,1985,"NAAC A, NBA Tier-1",https://skct.edu.in,0422-2604567,info@skct.edu.in,115,93,6.8,Sister autonomous institution under Sri Krishna Trust located in scenic Kovaipudur.
2723,SNS College of Technology,SNS College of Tech,Self Financing,Private Autonomous,Coimbatore,"Saravanampatti, Coimbatore","SNS Kalvi Nagar, Sathy Main Road, Saravanampatti Post, Coimbatore",641035,"Anna University, Chennai",Anna University,true,2002,"NAAC A+, NBA Accredited",https://snsct.org,0422-2666264,snsct@snsgroups.com,,90,5.5,Pioneered Design Thinking curriculum framework in Coimbatore tech corridor.
2726,SNS College of Engineering,SNS College of Engg,Self Financing,Private Autonomous,Coimbatore,"Kurumbapalayam, Coimbatore","SNS Kalvi Nagar, Sathy Main Road, Kurumbapalayam, Coimbatore",641107,"Anna University, Chennai",Anna University,true,2007,"NAAC A, NBA Accredited",https://snsce.ac.in,0422-2666244,snsce@snsgroups.com,,88.5,5.2,Autonomous engineering college under the SNS Groups.
2731,Velalar College of Engineering and Technology (VCET),VCET Erode,Self Financing,Private Autonomous,Erode,"Thindal, Erode","Thindal Post, Erode, Tamil Nadu",638012,"Anna University, Chennai",Anna University,true,2002,"NAAC A, NBA Accredited",https://velalarengg.ac.in,0424-2244201,principal@velalarengg.ac.in,,90,5.5,Top autonomous college in Erode city backed by the Vellalar Educational Trust.
2734,Dr. N.G.P. Institute of Technology,Dr NGP Tech,Self Financing,Private Autonomous,Coimbatore,"Kalapatti, Coimbatore","Dr. N.G.P. Nagar, Kalapatti Road, Coimbatore, Tamil Nadu",641048,"Anna University, Chennai",Anna University,true,2007,"NAAC A+, NBA Accredited",https://drngpit.ac.in,0422-2369105,principal@drngpit.ac.in,,91,5.8,Autonomous engineering college under the Kovai Medical Center Research and Educational Trust.
2735,Karpagam Institute of Technology,KIT Coimbatore,Self Financing,Private,Coimbatore,"Bodipalayam, Coimbatore","S.F.No.247, 248, L&T Bypass Road, Seerapalayam Village, Coimbatore",641105,"Anna University, Chennai",Anna University,false,2008,NAAC A,https://karpagamtech.ac.in,0422-2980011,info@karpagamtech.ac.in,,86.5,4.8,Engineering institute along L&T bypass road with modern workshops.
2739,Sri Eshwar College of Engineering (SECE),Sri Eshwar Coimbatore,Self Financing,Private Autonomous,Coimbatore,"Kinathukadavu, Coimbatore","Kondampatti Post, Vadasithur Road, Kinathukadavu, Coimbatore",641202,"Anna University, Chennai",Anna University,true,2008,"NAAC A+, NBA Tier-1",https://sece.ac.in,04259-200300,sece@sece.ac.in,,95,7.2,"Widely celebrated for top-tier IT placements, high salary packages, and intense coding culture."
2740,Nandha College of Technology,Nandha Tech,Self Financing,Private,Erode,"Pitchandampalayam, Erode","Perundurai-Main Road, Erode, Tamil Nadu",638052,"Anna University, Chennai",Anna University,false,2008,NAAC Accredited,https://nandhatech.org,04294-222211,info@nandhatech.org,,83,4.5,Engineering college under Nandha Educational Trust in Erode.
2745,Erode Sengunthar Engineering College,Erode Sengunthar Engg,Self Financing,Private Autonomous,Tiruppur,Thudupathi,"Thudupathi Post, Perundurai Taluk, Tamil Nadu",638057,"Anna University, Chennai",Anna University,true,1996,"NAAC A, NBA Accredited",https://esec.ac.in,04294-232701,esecengg@yahoo.com,,87.5,5,Autonomous engineering college established by the Erode Sengunthar Educational Trust.
2751,KPR Institute of Engineering and Technology (KPRIET),KPRIET Coimbatore,Self Financing,Private Autonomous,Coimbatore,"Arasur, Coimbatore","SF.No: 204/2 & 204/4, Kollupalayam, Arasur, Coimbatore, Tamil Nadu",641407,"Anna University, Chennai",Anna University,true,2009,"NAAC A++, NBA Tier-1",https://kpriet.ac.in,0422-2635600,info@kpriet.ac.in,100,94.5,7.5,Premier autonomous college established by the KPR Group with cutting-edge laboratories and stellar corporate hiring.
2752,Builders Engineering College,Builders Engg Kangeyam,Self Financing,Private,Tiruppur,"Nathakadaiyur, Kangeyam","EBET Knowledge Park, Nathakadaiyur, Kangeyam, Tiruppur District",638108,"Anna University, Chennai",Anna University,false,2009,NAAC B++,https://builderscollege.edu.in,04257-241935,info@builderscollege.edu.in,,83,4.4,Promoted by civil engineering construction builders association of Erode and Tiruppur.
2753,Sasurie College of Engineering,Sasurie College Vijayamangalam,Self Financing,Private,Tiruppur,Vijayamangalam,"Near Toll Plaza, NH-47, Vijayamangalam, Tiruppur District, Tamil Nadu",638056,"Anna University, Chennai",Anna University,false,2001,AICTE Approved,http://sasurie.com,04294-243675,info@sasurie.com,,80,4,Technical institution located on NH-47 near Vijayamangalam toll.
2761,Jay Shriram Group of Institutions,Jay Shriram Engg,Self Financing,Private,Tiruppur,Tiruppur,"Dharapuram Road, Avinashipalayam, Tiruppur, Tamil Nadu",638660,"Anna University, Chennai",Anna University,false,2009,NAAC Accredited,https://jayshriram.edu.in,0421-2313335,info@jayshriram.edu.in,,82,4.2,Engineering campus in Tiruppur textile region offering engineering and management.
2768,Park College of Engineering and Technology,Park College of Engg,Self Financing,Private,Coimbatore,"Kaniyur, Coimbatore","Avinashi Road, Kaniyur, Coimbatore, Tamil Nadu",641659,"Anna University, Chennai",Anna University,false,1997,NBA Accredited,https://pcet.ac.in,0421-2911100,info@pcet.ac.in,,85,4.8,Aeronautical and engineering campus on Avinashi Road near Coimbatore airport.
3011,"University College of Engineering, BIT Campus (Anna University Trichy)",UCE Trichy BIT Campus,Constituent College,Government,Tiruchirappalli,Tiruchirappalli,"Mandaiyur, Pudukkottai Main Road, Tiruchirappalli, Tamil Nadu",620024,"Anna University, Chennai",Anna University Constituent College (Autonomous),true,1999,"NBA Accredited, Anna University",https://aubit.edu.in,0431-2407999,dean@aubit.edu.in,,89.5,6.2,Major autonomous constituent campus of Anna University in Tiruchirappalli with extensive biotechnology and IT departments.
3016,"University College of Engineering, Ariyalur",UCE Ariyalur,Constituent College,Government,Ariyalur,"Kathankudikadu, Ariyalur","Kathankudikadu, Ariyalur, Tamil Nadu",621704,"Anna University, Chennai",Anna University Constituent College,false,2008,Anna University Approved,http://ucea.ac.in,04329-224055,deancea@yahoo.com,,78,4,Constituent college established to serve the rural youth of Ariyalur cement corridor.
3017,Central Institute of Petrochemicals Engineering & Technology (CIPET),CIPET Chennai,Government,Government,Chennai,"Guindy, Chennai","T.V.K. Industrial Estate, Guindy, Chennai, Tamil Nadu",600032,"Anna University, Chennai",Anna University Affiliated Government Institute,false,1968,"NBA Accredited, Govt of India",https://cipet.gov.in,044-22254701,chennai@cipet.gov.in,,93,6.5,"Department of Chemicals & Petrochemicals, Ministry of Chemicals & Fertilizers, Government of India institution offering high-demand B.Tech programs."
3018,"University College of Engineering, Thirukkuvalai",UCE Thirukkuvalai,Constituent College,Government,Nagapattinam,Thirukkuvalai,"Nagapattinam District, Tamil Nadu",610205,"Anna University, Chennai",Anna University Constituent College,false,2008,Anna University Approved,http://ucetk.in,04369-220022,deanucetk@gmail.com,,77,4,Constituent engineering college in coastal Nagapattinam district.
3019,"University College of Engineering, Panruti",UCE Panruti,Constituent College,Government,Cuddalore,Panruti,"Chennai-Kumbakonam Highway, Panruti, Cuddalore District, Tamil Nadu",607106,"Anna University, Chennai",Anna University Constituent College,false,2008,Anna University Approved,http://ucep.edu.in,04142-242004,deanucep@gmail.com,,80,4.3,Anna University constituent college in Panruti taluk.
3021,"University College of Engineering, Pattukkottai",UCE Pattukkottai,Constituent College,Government,Thanjavur,"Rajamadam, Pattukkottai","Rajamadam, Pattukkottai Taluk, Thanjavur District, Tamil Nadu",614701,"Anna University, Chennai",Anna University Constituent College,false,2009,Anna University Approved,http://aucep.in,04373-293399,deanaucep@gmail.com,,79,4.1,Constituent college established in coastal delta belt of Thanjavur district.
3464,"Government College of Engineering, Srirangam",GCE Srirangam,Government,Government,Tiruchirappalli,"Sethurappatti, Srirangam","Sethurappatti, Srirangam Taluk, Tiruchirappalli District, Tamil Nadu",620012,"Anna University, Chennai",Anna University,false,2013,AICTE Approved,https://gces.edu.in,0431-2906378,gcesrirangam@gmail.com,,85,5.2,State government engineering institution near holy island town of Srirangam.
3465,"Government College of Engineering, Gandharvakottai",GCE Gandharvakottai,Government,Government,Pudukkottai,Gandharvakottai,"Gandharvakottai, Pudukkottai District, Tamil Nadu",613301,"Anna University, Chennai",Anna University,false,2013,AICTE Approved,,,,,81,4.5,Government engineering college serving rural students in Pudukkottai district.
3801,A.V.C. College of Engineering,AVC College of Engg,Self Financing,Private,Mayiladuthurai,"Mannampandal, Mayiladuthurai","Mannampandal, Mayiladuthurai District, Tamil Nadu",609305,"Anna University, Chennai",Anna University,false,1996,NAAC Accredited,https://avccengg.net,04364-227202,avcce@avccengg.net,,83.5,4.5,Reputed engineering college in Mayiladuthurai district founded by the A.V.C. Charity Trust.
3805,Dhanalakshmi Srinivasan Engineering College,Dhanalakshmi Srinivasan Perambalur,Self Financing,Private Autonomous,Perambalur,Perambalur,"Thuraiyur Road, Perambalur, Tamil Nadu",621212,"Anna University, Chennai",Anna University,true,2001,"NAAC A, NBA Accredited",https://dsec.ac.in,04328-220444,principal@dsec.ac.in,,88,5,Flagship autonomous engineering campus of Dhanalakshmi Srinivasan Group.
3811,M.I.E.T. Engineering College,MIET Trichy,Self Financing,Private,Tiruchirappalli,"Gundur, Trichy","Trichy-Pudukkottai Main Road, Gundur, Tiruchirappalli, Tamil Nadu",620007,"Anna University, Chennai",Anna University,false,1998,NAAC A,https://miet.edu,0431-2660303,contact@miet.edu,,85,4.8,Muslim minority engineering college along Trichy-Pudukkottai highway.
3812,M.R.K. Institute of Technology,MRK Institute of Tech,Self Financing,Private,Cuddalore,Kattumannarkoil,"Nattarmangalam, Kattumannarkoil, Cuddalore District, Tamil Nadu",608301,"Anna University, Chennai",Anna University,false,2009,AICTE Approved,http://mrkit.in,04144-262728,mrkit@mrkit.in,,78,4,Technical education institute serving rural agrarian areas of Cuddalore district.
3814,Oxford Engineering College,Oxford Engg Trichy,Self Financing,Private,Tiruchirappalli,"Pirattiyur, Trichy","Trichy-Dindigul Road, Pirattiyur, Tiruchirappalli, Tamil Nadu",620009,"Anna University, Chennai",Anna University,false,1998,AICTE Approved,http://oxfordec.edu.in,0431-2403401,principal@oxfordec.edu.in,,81,4.3,Engineering college situated on the Trichy-Dindigul national highway.
3815,Mount Zion College of Engineering and Technology,Mount Zion Pudukkottai,Self Financing,Private,Pudukkottai,"Lena Vilakku, Pudukkottai","Pilivalam Post, Thirumayam Taluk, Pudukkottai District, Tamil Nadu",622507,"Anna University, Chennai",Anna University,false,2001,NAAC A,https://mountzion.ac.in,04333-294400,info@mountzion.ac.in,,84,4.6,Prominent private technical institution in Pudukkottai district.
3819,Saranathan College of Engineering,Saranathan Trichy,Self Financing,Private Autonomous,Tiruchirappalli,"Panjappur, Trichy","Venkateswara Nagar, Panjappur, Tiruchirappalli, Tamil Nadu",620012,"Anna University, Chennai",Anna University,true,1998,"NAAC A+, NBA Accredited",https://saranathan.ac.in,0431-2684781,principal@saranathan.ac.in,,92,6.2,Top-tier autonomous engineering college in Tiruchirappalli with stellar placement track records and university ranks.
3820,P.R. Engineering College,PR Engg Thanjavur,Self Financing,Private,Thanjavur,"Vallam, Thanjavur","Trichy-Thanjavur Highway, Vallam, Thanjavur, Tamil Nadu",613403,"Anna University, Chennai",Anna University,false,2000,NAAC Accredited,http://prec.edu.in,04362-266940,prec_tnj@yahoo.com,,80,4.2,Engineering campus located on the busy Trichy-Thanjavur highway.
3825,St. Joseph's College of Engineering and Technology,St. Joseph's Trichy,Self Financing,Private,Tiruchirappalli,"Elupatti, Thanjavur/Trichy","Near Rawthanmedu, Thanjavur Road, Tiruchirappalli, Tamil Nadu",620015,"Anna University, Chennai",Anna University,false,2007,AICTE Approved,http://sjcet.in,0431-2907401,sjcet.trichy@gmail.com,,81.5,4.3,Christian minority institution offering undergraduate engineering.
3826,"Government College of Engineering, Thanjavur",GCE Thanjavur,Government,Government,Thanjavur,"Sengipatti, Thanjavur","Gandharvakottai Road, Sengipatti, Thanjavur District, Tamil Nadu",613402,"Anna University, Chennai",Anna University,false,2012,"AICTE Approved, Government of TN",https://gcetj.edu.in,04362-221112,principal@gcetj.edu.in,,86,5.4,Modern state government engineering institution in Sengipatti with world-class workshops.
3829,M.A.M. College of Engineering and Technology,MAMCET Trichy,Self Financing,Private,Tiruchirappalli,"Siruganur, Trichy","Trichy-Chennai Trunk Road, Siruganur, Tiruchirappalli, Tamil Nadu",621105,"Anna University, Chennai",Anna University,false,2008,NAAC Accredited,https://mamcet.com,0431-2650550,secretary@mamcet.com,,83,4.5,Engineering college situated on the northern Trichy-Chennai national highway.
3830,K. Ramakrishnan College of Technology (KRCT),KRCT Samayapuram,Self Financing,Private Autonomous,Tiruchirappalli,"Samayapuram, Trichy","Kariyamanickam Road, Samayapuram, Tiruchirappalli, Tamil Nadu",621112,"Anna University, Chennai",Anna University,true,2010,"NAAC A+, NBA Accredited",https://krct.ac.in,0431-2670799,krct.trichy@gmail.com,,93,6.4,High-performing autonomous college with outstanding placement track in Samayapuram.
3831,CARE College of Engineering,CARE College Trichy,Self Financing,Private,Tiruchirappalli,"Thayanoor, Trichy","# 27, Thayanur, Dindigul Road, Tiruchirappalli, Tamil Nadu",620009,"Anna University, Chennai",Anna University,false,2009,NAAC Accredited,https://care.ac.in,0431-2690505,contact@care.ac.in,,85,4.8,Campus renowned for sustainable architecture and experiential engineering pedagogy.
3843,Krishnasamy College of Engineering and Technology,KCET Cuddalore,Self Financing,Private,Cuddalore,"Nellikuppam, Cuddalore","S.Kumarapuram, Cuddalore, Tamil Nadu",607109,"Anna University, Chennai",Anna University,false,2001,NAAC Accredited,https://kcet.ac.in,04142-285601,kcet_cuddalore@yahoo.co.in,,82,4.4,Self-financing institution serving coastal Cuddalore district.
3845,Anjalai Ammal-Mahalingam Engineering College,AAMEC Koilvenni,Self Financing,Private,Tiruvarur,"Koilvenni, Tiruvarur","Koilvenni, Needamangalam Taluk, Tiruvarur District, Tamil Nadu",614403,"Anna University, Chennai",Anna University,false,1995,NAAC Accredited,https://aamec.edu.in,04374-232650,contact@aamec.edu.in,,84.5,4.8,Pioneering engineering college in the Cauvery delta region with disciplined academics.
3848,K. Ramakrishnan College of Engineering (KRCE),KRCE Samayapuram,Self Financing,Private Autonomous,Tiruchirappalli,"Samayapuram, Trichy","Samayapuram, Tiruchirappalli District, Tamil Nadu",621112,"Anna University, Chennai",Anna University,true,2008,"NAAC A, NBA Accredited",https://krce.ac.in,0431-2670699,krce.trichy@gmail.com,,93.5,6.5,Autonomous flagship institution of the Ramakrishnan Group in Trichy.
3849,St. Anne's College of Engineering and Technology,St. Anne's Panruti,Self Financing,Private,Cuddalore,"Anguchettypalayam, Panruti","Anguchettypalayam, Panruti, Cuddalore District, Tamil Nadu",607106,"Anna University, Chennai",Anna University,false,2009,AICTE Approved,http://stannescet.ac.in,04142-243630,stannescet@gmail.com,,79,4,Christian minority institution managed by the Sisters of St. Anne.
3850,Chendhuran College of Engineering and Technology,Chendhuran Pudukkottai,Self Financing,Private,Pudukkottai,"Lena Vilakku, Pudukkottai","Madurai Road, Lena Vilakku, Pilivalam, Pudukkottai, Tamil Nadu",622507,"Anna University, Chennai",Anna University,false,2007,NAAC Accredited,http://chendhuran.ac.in,04333-294499,chendhuran@gmail.com,,80.5,4.2,Engineering college situated in rural Pudukkottai region.
3855,Parisutham Institute of Technology and Science (PITS),PITS Thanjavur,Self Financing,Private,Thanjavur,"Nanjikottai, Thanjavur","Ring Road, Nanjikottai, Thanjavur, Tamil Nadu",613006,"Anna University, Chennai",Anna University,false,2008,NAAC Accredited,https://parisutham.edu.in,04362-280888,pits@parisutham.edu.in,,82,4.5,Modern technical campus located on Thanjavur Ring Road.
4020,"Anna University Regional Campus, Tirunelveli",AURC Tirunelveli,University Department,Government,Tirunelveli,"Palayamkottai, Tirunelveli","Trivandrum Road, Palayamkottai, Tirunelveli, Tamil Nadu",627007,"Anna University, Chennai",Anna University Regional Center,false,2008,Anna University Direct Campus,https://auttvl.ac.in,0462-2554055,dean@auttvl.ac.in,,86,5.4,Regional campus of Anna University directly offering engineering programs for Southern districts.
4023,"University College of Engineering, Nagercoil",UCE Nagercoil,Constituent College,Government,Kanyakumari,"Konam, Nagercoil","Industrial Estate, Konam, Nagercoil, Kanyakumari District, Tamil Nadu",629004,"Anna University, Chennai",Anna University Constituent College,false,2009,Anna University Approved,http://ucen.ac.in,04652-260511,deannagercoil@annauniv.edu,,84,5,Direct constituent college of Anna University situated in Konam industrial zone in Nagercoil.
4024,"University College of Engineering, Ramanathapuram",UCE Ramanathapuram,Constituent College,Government,Ramanathapuram,"Pullangudi, Ramanathapuram","Pullangudi, Ramanathapuram District, Tamil Nadu",623513,"Anna University, Chennai",Anna University Constituent College,false,2008,Anna University Approved,http://ucer.edu.in,04567-260222,deanramnad@annauniv.edu,,79,4.2,Constituent engineering college catering to Ramanathapuram coastal region.
4025,"University College of Engineering, Dindigul",UCE Dindigul,Constituent College,Government,Dindigul,"Reddiarchatram, Dindigul","Mangarai Pirivu, Reddiarchatram, Dindigul, Tamil Nadu",624622,"Anna University, Chennai",Anna University Constituent College,false,2009,Anna University Approved,http://ucedgl.edu.in,0451-2554600,deandgl@annauniv.edu,,81,4.5,Anna University constituent engineering college in Dindigul foothills.
4954,Dr. Sivanthi Aditanar College of Engineering,Dr. Sivanthi Aditanar Tiruchendur,Self Financing,Private,Thoothukudi,Tiruchendur,"Tiruchendur, Thoothukudi District, Tamil Nadu",628215,"Anna University, Chennai",Anna University,false,1995,NAAC Accredited,https://drsacoe.org,04639-242482,drsacoe@aei.edu.in,,85,4.6,Long-standing engineering institution in coastal temple town of Tiruchendur.
4960,"Government College of Engineering, Tirunelveli (GCE Tirunelveli)",GCE Tirunelveli,Government,Government,Tirunelveli,Tirunelveli,"Trivandrum Road, Palayamkottai, Tirunelveli, Tamil Nadu",627007,"Anna University, Chennai",Anna University,true,1981,"NAAC A, NBA Accredited",https://gcetly.ac.in,0462-2572434,principal@gcetly.ac.in,140,87.5,5.8,Major state government technical institution catering to Southern Tamil Nadu students with affordable fees and core discipline strengths.
4962,National College of Engineering,National College of Engg,Self Financing,Private,Tirunelveli,"Maruthakulam, Tirunelveli","Maruthakulam Post, Nanguneri Taluk, Tirunelveli District, Tamil Nadu",627151,"Anna University, Chennai",Anna University,false,2000,AICTE Approved,http://nce.ac.in,04635-256343,info@nce.ac.in,,80,4.2,Self-financing engineering college near Nanguneri special economic zone.
4965,Mepco Schlenk Engineering College,Mepco Schlenk,Self Financing,Private Autonomous,Virudhunagar,Sivakasi,"Mepco Nagar, Sivakasi, Virudhunagar District, Tamil Nadu",626005,"Anna University, Chennai",Anna University,true,1984,"NAAC A++, NBA Tier-1",https://www.mepcoeng.ac.in,04562-235104,mepco@mepcoeng.ac.in,115,93,6.5,"Stalwart technical institution in Southern Tamil Nadu renowned for strict discipline, exceptional labs, and solid core placements."
4969,Noorul Islam College of Engineering,Noorul Islam Engg,Self Financing,Private,Kanyakumari,"Thuckalay, Nagercoil","Kumaracoil, Thuckalay, Kanyakumari District, Tamil Nadu",629180,"Anna University, Chennai",Anna University,false,1989,NAAC A,https://niuniv.com,04651-250566,info@niuniv.com,,85,4.8,Major technical institution in Kanyakumari district set against Western Ghats.
4970,Sree Sowdambika College of Engineering,Sowdambika Engg Aruppukottai,Self Financing,Private,Virudhunagar,Aruppukottai,"Chettikurichi, Aruppukottai, Virudhunagar District, Tamil Nadu",626134,"Anna University, Chennai",Anna University,false,2000,AICTE Approved,https://sowdambikaengg.edu.in,04566-229900,principal@sowdambikaengg.edu.in,,81,4.2,Serving youth of Aruppukottai and Virudhunagar rural regions.
4972,Kamaraj College of Engineering and Technology,Kamaraj Engg Virudhunagar,Self Financing,Private Autonomous,Virudhunagar,"K.Vellakulam, Madurai/Virudhunagar","S.P.G.C. Nagar, K.Vellakulam, Near Virudhunagar, Tamil Nadu",625701,"Anna University, Chennai",Anna University,true,1998,"NAAC A, NBA Accredited",https://kamarajengg.edu.in,04549-278791,mail@kamarajengg.edu.in,,91,5.6,Autonomous engineering college promoted by Virudhunagar Hindu Nadars Abhiramapuram Trust.
4974,Francis Xavier Engineering College,FX Engineering College,Self Financing,Private Autonomous,Tirunelveli,"Vannarpettai, Tirunelveli","103/G2, By-pass Road, Vannarpettai, Tirunelveli, Tamil Nadu",627003,"Anna University, Chennai",Anna University,true,2000,"NAAC A, NBA Accredited",https://francisxavier.ac.in,0462-2502283,principal@francisxavier.ac.in,,91.5,5.6,Top autonomous college in Tirunelveli city under SCAD Group with high campus recruitment.
4976,National Engineering College (NEC),NEC Kovilpatti,Self Financing,Private Autonomous,Thoothukudi,Kovilpatti,"K.R. Nagar, Nalattinputhur, Kovilpatti, Thoothukudi District, Tamil Nadu",628503,"Anna University, Chennai",Anna University,true,1984,"NAAC A+, NBA Tier-1",https://nec.edu.in,04632-222502,principal@nec.edu.in,,92.5,6.2,Pioneering autonomous engineering institution in Kovilpatti industrial region established in 1984.
4983,Rohini College of Engineering and Technology,Rohini College Kanyakumari,Self Financing,Private,Kanyakumari,Anjugramam,"Near Anjugramam Junction, Palkulam, Variyoor Post, Kanyakumari, Tamil Nadu",629401,"Anna University, Chennai",Anna University,false,2012,"NAAC A+, NBA Accredited",https://rcet.org.in,04652-266665,info@rcet.org.in,,87,5,Modern technical campus with strong international exchange programs.
4984,Einstein College of Engineering,Einstein College Tirunelveli,Self Financing,Private,Tirunelveli,"Sir C.V. Raman Nagar, Tirunelveli","Seethaparpanallur, Tirunelveli, Tamil Nadu",627152,"Anna University, Chennai",Anna University,false,2004,AICTE Approved,http://einsteincollege.ac.in,0462-2487123,einsteincet@gmail.com,,80.5,4.2,Engineering college situated on the Tirunelveli-Tenkasi highway.
4985,Ponjesly College of Engineering,Ponjesly Engg Nagercoil,Self Financing,Private,Kanyakumari,Nagercoil,"Alamparai, Vetturnimadam Post, Nagercoil, Kanyakumari District, Tamil Nadu",629003,"Anna University, Chennai",Anna University,false,2004,"NAAC A, NBA Accredited",https://ponjesly.ac.in,04652-259605,ponjeslyce@yahoo.co.in,,85,4.8,Prominent technical institution in Nagercoil town.
4987,Stella Mary's College of Engineering,Stella Mary's Engg,Self Financing,Private,Kanyakumari,"Aruthenganvilai, Kanyakumari","Aruthenganvilai, Azhikal Post, Kanyakumari District, Tamil Nadu",629202,"Anna University, Chennai",Anna University,false,2012,NAAC Accredited,https://stellamaryscoe.edu.in,04651-223434,info@stellamaryscoe.edu.in,,82,4.4,Coastal engineering institution offering core and digital computing programs.
4989,PSN College of Engineering and Technology,PSNCET Tirunelveli,Self Financing,Private Autonomous,Tirunelveli,Melathediyoor,"Melathediyoor, Palayamkottai Taluk, Tirunelveli District, Tamil Nadu",627152,"Anna University, Chennai",Anna University,true,2001,"NAAC A+, NBA Accredited",https://psncet.ac.in,04634-279098,principal@psncet.ac.in,,88,5.2,"Autonomous engineering college featuring marine, aeronautical, and IT programs."
4991,Mar Ephraem College of Engineering and Technology,Mar Ephraem Kanyakumari,Self Financing,Private,Kanyakumari,"Elavuvilai, Marthandam","Malankara Hills, Elavuvilai, Marthandam, Kanyakumari District, Tamil Nadu",629171,"Anna University, Chennai",Anna University,false,2009,NAAC A,https://marephraem.edu.in,04651-271111,marephraem@gmail.com,,84,4.6,Catholic institution founded by the Catholic Diocese of Marthandam in scenic hills.
4992,SCAD College of Engineering and Technology,SCAD College Cheranmahadevi,Self Financing,Private,Tirunelveli,Cheranmahadevi,"SCAD Nagar, Cheranmahadevi, Tirunelveli District, Tamil Nadu",627414,"Anna University, Chennai",Anna University,false,2001,NAAC Accredited,https://scadengineering.ac.in,04634-260341,principal@scadengineering.ac.in,,83,4.4,Rural engineering campus in Cheranmahadevi managed by the SCAD Trust.
4993,Arunachala College of Engineering for Women,Arunachala Women Engg,Self Financing,Private Autonomous,Kanyakumari,"Manavilai, Vellichanthai","Thanka Gardens, Manavilai, Vellichanthai Post, Kanyakumari District",629203,"Anna University, Chennai",Anna University,true,2009,NAAC A,https://arunachalecw.com,04651-200100,arunachalacollege@gmail.com,,86,4.8,Autonomous engineering college dedicated for women in Kanyakumari district.
4994,P.S.R. Engineering College,PSR Engg Sivakasi,Self Financing,Private Autonomous,Virudhunagar,"Sevalpatti, Sivakasi","Appayanaickerpatti, Sevalpatti, Sivakasi, Virudhunagar District, Tamil Nadu",626140,"Anna University, Chennai",Anna University,true,1999,"NAAC A+, NBA Accredited",https://psr.edu.in,04562-239091,contact@psr.edu.in,,89,5.2,Autonomous engineering institution near Sivakasi fireworks and printing industrial zone.
4995,J.P. College of Engineering,JP College Tenkasi,Self Financing,Private,Tenkasi,"Ayikudi, Tenkasi","College Road, Ayikudi, Tenkasi, Tamil Nadu",627852,"Anna University, Chennai",Anna University,false,2008,AICTE Approved,https://jpcoe.ac.in,04633-267070,info@jpcoe.ac.in,,82,4.3,Technical education institute serving the foothills of Courtallam in Tenkasi district.
5002,Alagappa Chettiar Government College of Engineering and Technology (ACGCET),ACGCET Karaikudi,Government,Government,Sivaganga,Karaikudi,"College Road, Karaikudi, Sivaganga District, Tamil Nadu",630003,"Anna University, Chennai",Anna University,true,1952,"NAAC A, NBA Accredited",https://accetedu.in,04565-224528,principal@accetedu.in,,89.5,6.5,Historical government engineering college established in 1952 by Dr. RM. Alagappa Chettiar.
5008,Thiagarajar College of Engineering (TCE),TCE Madurai,Government Aided,Government-Aided Autonomous,Madurai,Madurai,"Tirupparankunram, Madurai, Tamil Nadu",625015,"Anna University, Chennai",Anna University,true,1957,"NAAC A+, NBA Accredited",https://www.tce.edu,0452-2482240,principal@tce.edu,82,94.8,8.2,"Foremost engineering college in Southern Tamil Nadu, offering world-class infrastructure, high-impact research, and exceptional campus placements."
5012,"Anna University Regional Campus, Madurai",AURC Madurai,University Department,Government,Madurai,"Dindigul Road, Madurai","Keelakuilkudi, Dindigul Main Road, Madurai, Tamil Nadu",625019,"Anna University, Chennai",Anna University Regional Center,false,2010,Anna University Direct Campus,https://autmdu.ac.in,0452-2460288,dean@autmdu.ac.in,,85,5.2,Direct university campus of Anna University in Madurai.
5901,"Government College of Engineering, Bodinayakkanur",GCE Bodinayakkanur,Government,Government,Theni,Bodinayakkanur,"Rasingapuram, Bodinayakkanur, Theni District, Tamil Nadu",625582,"Anna University, Chennai",Anna University,false,2012,AICTE Approved,https://gcebodi.ac.in,04546-282555,principal@gcebodi.ac.in,,84,5,State government engineering college nestled in cardamom hills of Theni district.
5904,K.L.N. College of Engineering,KLN College of Engg,Self Financing,Private Autonomous,Madurai,"Pottapalayam, Madurai","Madurai-Nedungulam Road, Pottapalayam, Sivaganga District/Madurai, Tamil Nadu",630612,"Anna University, Chennai",Anna University,true,1994,"NAAC A, NBA Accredited",https://klnce.edu,0452-2090971,info@klnce.edu,,89.5,5.5,First linguistic Sourashtra minority engineering college established in Madurai suburban belt.
5907,Christian College of Engineering and Technology,Christian College Oddanchatram,Self Financing,Private,Dindigul,Oddanchatram,"Dindigul Road, Oddanchatram, Dindigul District, Tamil Nadu",624619,"Anna University, Chennai",Anna University,false,2001,AICTE Approved,http://christianengineering.in,04553-241128,info@christianengineering.in,,80,4.2,Technical institution in Oddanchatram agricultural trade junction.
5910,PSNA College of Engineering and Technology,PSNA Dindigul,Self Financing,Private Autonomous,Dindigul,Dindigul,"Kothandaraman Nagar, Dindigul-Palani Highway, Dindigul, Tamil Nadu",624622,"Anna University, Chennai",Anna University,true,1984,"NAAC A++, NBA Tier-1",https://psnacet.edu.in,0451-2554032,contact@psnacet.edu.in,,92.5,6.2,Foremost engineering college in Dindigul district with lush 150-acre Wi-Fi campus and exceptional alumni base.
5912,R.V.S. College of Engineering and Technology,RVS College Dindigul,Self Financing,Private,Dindigul,Dindigul,"RVS Nagar, Karur Road, Dindigul, Tamil Nadu",624005,"Anna University, Chennai",Anna University,false,1985,NAAC Accredited,http://rvseng.ac.in,0451-2554401,rvscet.dgl@rvsgroup.com,,82,4.4,Pioneering technical institution founded by the RVS Educational Trust.
5914,Syed Ammal Engineering College,Syed Ammal Ramanathapuram,Self Financing,Private,Ramanathapuram,Ramanathapuram,"Dr. E.M. Abdullah Nagar, Ramanathapuram, Tamil Nadu",623502,"Anna University, Chennai",Anna University,false,1998,NAAC A,https://syedengg.ac.in,04567-222234,saec@syedengg.ac.in,,84,4.6,Prominent engineering college serving the youth of Ramanathapuram district.
5915,SSM Institute of Engineering and Technology,SSM Tech Dindigul,Self Financing,Private Autonomous,Dindigul,Dindigul,"Dindigul-Palani Highway, Sindalagundu Post, Dindigul, Tamil Nadu",624002,"Anna University, Chennai",Anna University,true,2011,"NAAC A, NBA Accredited",https://ssmiet.ac.in,0451-2448800,ssmietdgl@gmail.com,,88,5.2,Modern autonomous technical college in Dindigul established by the SSM Group.
5919,K.L.N. College of Information Technology,KLN College of IT,Self Financing,Private,Madurai,"Pottapalayam, Madurai","Pottapalayam, Sivaganga District/Madurai, Tamil Nadu",630612,"Anna University, Chennai",Anna University,false,2001,NAAC Accredited,https://klncit.edu.in,0452-2092731,info@klncit.edu.in,,85,4.8,"Sister campus of KLN Group focusing on information technology, computing, and electronics."
5922,Mohamed Sathak Engineering College,Mohamed Sathak Kilakarai,Self Financing,Private,Ramanathapuram,"Kilakarai, Ramanathapuram","Sathak Nagar, Kilakarai, Ramanathapuram District, Tamil Nadu",623806,"Anna University, Chennai",Anna University,false,1984,"NAAC A, NBA Accredited",https://msec.org.in,04567-241327,principal@msec.org.in,,85,4.8,"First self-financing engineering college established in Tamil Nadu, founded in 1984 by Mohamed Sathak Trust."
5986,Velammal College of Engineering and Technology,Velammal Madurai,Self Financing,Private Autonomous,Madurai,"Viraganoor, Madurai","Madurai-Rameshwaram High Road, Viraganoor, Madurai, Tamil Nadu",625009,"Anna University, Chennai",Anna University,true,2007,"NAAC A, NBA Accredited",https://vcet.ac.in,0452-2465289,principal@vcet.ac.in,,93,6.2,Autonomous engineering college under the Velammal Educational Trust situated in Madurai city.