tnea_code,course_code,intake,annual_fee,hostel_available,hostel_fee
0001,CSE,180,35000,true,65000
0001,ECE,180,35000,true,65000
0001,MECH,120,35000,true,65000
0001,EEE,120,35000,true,65000
0001,IT,120,35000,true,65000
0001,CIVIL,60,35000,true,65000
0001,AIDS,120,35000,true,65000
0001,AIML,60,35000,true,65000
0001,CYBER,60,35000,true,65000
0001,BM,60,35000,true,65000
0002,CSE,180,35000,true,65000
0002,ECE,180,35000,true,65000
0002,MECH,120,35000,true,65000
0002,EEE,120,35000,true,65000
0002,IT,120,35000,true,65000
0002,CIVIL,60,35000,true,65000
0002,AIDS,120,35000,true,65000
0002,CHEM,60,35000,true,65000
0002,BT,60,35000,true,65000
0002,FT,60,35000,true,65000
0003,CSE,180,35000,true,65000
0003,ECE,180,35000,true,65000
0003,MECH,120,35000,true,65000
0003,EEE,120,35000,true,65000
0003,IT,120,35000,true,65000
0003,CIVIL,60,35000,true,65000
0003,AIDS,120,35000,true,65000
0004,CSE,180,35000,true,65000
0004,ECE,180,35000,true,65000
0004,MECH,120,35000,true,65000
0004,EEE,120,35000,true,65000
0004,IT,120,35000,true,65000
0004,CIVIL,60,35000,true,65000
0004,AIDS,120,35000,true,65000
0004,AIML,60,35000,true,65000
0004,CYBER,60,35000,true,65000
0004,AUTO,60,35000,true,65000
0004,RA,60,35000,true,65000
1013,CSE,120,35000,true,65000
1013,ECE,120,35000,true,65000
1013,MECH,60,35000,true,65000
1013,EEE,60,35000,true,65000
1013,IT,60,35000,true,65000
1013,CIVIL,60,35000,true,65000
1014,CSE,120,35000,true,65000
1014,ECE,120,35000,true,65000
1014,MECH,60,35000,true,65000
1014,EEE,60,35000,true,65000
1014,IT,60,35000,true,65000
1014,CIVIL,60,35000,true,65000
1015,CSE,120,35000,true,65000
1015,ECE,120,35000,true,65000
1015,MECH,60,35000,true,65000
1015,EEE,60,35000,true,65000
1015,IT,60,35000,true,65000
1015,CIVIL,60,35000,true,65000
1026,CSE,120,35000,true,65000
1026,ECE,120,35000,true,65000
1026,MECH,60,35000,true,65000
1026,EEE,60,35000,true,65000
1026,IT,60,35000,true,65000
1026,CIVIL,60,35000,true,65000
1101,CSE,120,85000,true,65000
1101,ECE,120,85000,true,65000
1101,MECH,60,85000,true,65000
1101,EEE,60,85000,true,65000
1101,IT,60,85000,true,65000
1101,CIVIL,60,85000,true,65000
1106,CSE,120,85000,true,65000
1106,ECE,120,85000,true,65000
1106,MECH,60,85000,true,65000
1106,EEE,60,85000,true,65000
1106,IT,60,85000,true,65000
1106,CIVIL,60,85000,true,65000
1107,CSE,120,85000,true,65000
1107,ECE,120,85000,true,65000
1107,MECH,60,85000,true,65000
1107,EEE,60,85000,true,65000
1107,IT,60,85000,true,65000
1107,CIVIL,60,85000,true,65000
1110,CSE,180,125000,true,65000
1110,ECE,180,125000,true,65000
1110,MECH,120,125000,true,65000
1110,EEE,120,125000,true,65000
1110,IT,120,125000,true,65000
1110,CIVIL,60,125000,true,65000
1110,AIDS,120,125000,true,65000
1112,CSE,180,125000,true,65000
1112,ECE,180,125000,true,65000
1112,MECH,120,125000,true,65000
1112,EEE,120,125000,true,65000
1112,IT,120,125000,true,65000
1112,CIVIL,60,125000,true,65000
1112,AIDS,120,125000,true,65000
1113,CSE,180,125000,true,65000
1113,ECE,180,125000,true,65000
1113,MECH,120,125000,true,65000
1113,EEE,120,125000,true,65000
1113,IT,120,125000,true,65000
1113,CIVIL,60,125000,true,65000
1113,AIDS,120,125000,true,65000
1113,CB,60,125000,true,65000
1114,CSE,180,125000,true,65000
1114,ECE,180,125000,true,65000
1114,MECH,120,125000,true,65000
1114,EEE,120,125000,true,65000
1114,IT,120,125000,true,65000
1114,CIVIL,60,125000,true,65000
1114,AIDS,120,125000,true,65000
1115,CSE,120,85000,true,65000
1115,ECE,120,85000,true,65000
1115,MECH,60,85000,true,65000
1115,EEE,60,85000,true,65000
1115,IT,60,85000,true,65000
1115,CIVIL,60,85000,true,65000
1118,CSE,180,125000,true,65000
1118,ECE,180,125000,true,65000
1118,MECH,120,125000,true,65000
1118,EEE,120,125000,true,65000
1118,IT,120,125000,true,65000
1118,CIVIL,60,125000,true,65000
1118,AIDS,120,125000,true,65000
1120,CSE,180,125000,true,65000
1120,ECE,180,125000,true,65000
1120,MECH,120,125000,true,65000
1120,EEE,120,125000,true,65000
1120,IT,120,125000,true,65000
1120,CIVIL,60,125000,true,65000
1120,AIDS,120,125000,true,65000
1122,CSE,180,125000,true,65000
1122,ECE,180,125000,true,65000
1122,MECH,120,125000,true,65000
1122,EEE,120,125000,true,65000
1122,IT,120,125000,true,65000
1122,CIVIL,60,125000,true,65000
1122,AIDS,120,125000,true,65000
1128,CSE,180,125000,true,65000
1128,ECE,180,125000,true,65000
1128,MECH,120,125000,true,65000
1128,EEE,120,125000,true,65000
1128,IT,120,125000,true,65000
1128,CIVIL,60,125000,true,65000
1128,AIDS,120,125000,true,65000
1133,CSE,120,85000,true,65000
1133,ECE,120,85000,true,65000
1133,MECH,60,85000,true,65000
1133,EEE,60,85000,true,65000
1149,CSE,120,85000,true,65000
1149,ECE,120,85000,true,65000
1149,MECH,60,85000,true,65000
1149,EEE,60,85000,true,65000
1149,IT,60,85000,true,65000
1149,CIVIL,60,85000,true,65000
1211,CSE,180,125000,true,65000
1211,ECE,180,125000,true,65000
1211,MECH,120,125000,true,65000
1211,EEE,120,125000,true,65000
1211,IT,120,125000,true,65000
1211,CIVIL,60,125000,true,65000
1211,AIDS,120,125000,true,65000
1211,AIML,60,125000,true,65000
1211,CYBER,60,125000,true,65000
1211,BT,60,125000,true,65000
1211,BM,60,125000,true,65000
1211,AUTO,60,125000,true,65000
1219,CSE,180,125000,true,65000
1219,ECE,180,125000,true,65000
1219,MECH,120,125000,true,65000
1219,EEE,120,125000,true,65000
1219,IT,120,125000,true,65000
1219,CIVIL,60,125000,true,65000
1219,AIDS,120,125000,true,65000
1219,CHEM,60,125000,true,65000
1219,AUTO,60,125000,true,65000
1228,CSE,120,85000,true,65000
1228,ECE,120,85000,true,65000
1228,MECH,60,85000,true,65000
1228,EEE,60,85000,true,65000
1228,IT,60,85000,true,65000
1228,CIVIL,60,85000,true,65000
1304,CSE,180,125000,true,65000
1304,ECE,180,125000,true,65000
1304,MECH,120,125000,true,65000
1304,EEE,120,125000,true,65000
1304,IT,120,125000,true,65000
1304,CIVIL,60,125000,true,65000
1304,AIDS,120,125000,true,65000
1306,CSE,120,85000,true,65000
1306,ECE,120,85000,true,65000
1306,MECH,60,85000,true,65000
1306,EEE,60,85000,true,65000
1306,IT,60,85000,true,65000
1306,CIVIL,60,85000,true,65000
1307,CSE,180,125000,true,65000
1307,ECE,180,125000,true,65000
1307,MECH,120,125000,true,65000
1307,EEE,120,125000,true,65000
1307,IT,120,125000,true,65000
1307,CIVIL,60,125000,true,65000
1307,AIDS,120,125000,true,65000
1309,CSE,180,125000,true,65000
1309,ECE,180,125000,true,65000
1309,MECH,120,125000,true,65000
1309,EEE,120,125000,true,65000
1309,IT,120,125000,true,65000
1309,CIVIL,60,125000,true,65000
1309,AIDS,120,125000,true,65000
1311,CSE,180,125000,true,65000
1311,ECE,180,125000,true,65000
1311,MECH,120,125000,true,65000
1311,EEE,120,125000,true,65000
1311,IT,120,125000,true,65000
1311,CIVIL,60,125000,true,65000
1311,AIDS,120,125000,true,65000
1315,CSE,180,125000,true,65000
1315,ECE,180,125000,true,65000
1315,MECH,120,125000,true,65000
1315,EEE,120,125000,true,65000
1315,IT,120,125000,true,65000
1315,CIVIL,60,125000,true,65000
1315,AIDS,120,125000,true,65000
1315,AIML,60,125000,true,65000
1315,CYBER,60,125000,true,65000
1315,CHEM,60,125000,true,65000
1315,BM,60,125000,true,65000
1316,CSE,120,85000,true,65000
1316,ECE,120,85000,true,65000
1316,MECH,60,85000,true,65000
1316,EEE,60,85000,true,65000
1316,IT,60,85000,true,65000
1316,CIVIL,60,85000,true,65000
1317,CSE,180,125000,true,65000
1317,ECE,180,125000,true,65000
1317,MECH,120,125000,true,65000
1317,EEE,120,125000,true,65000
1317,IT,120,125000,true,65000
1317,CIVIL,60,125000,true,65000
1317,AIDS,120,125000,true,65000
1317,BT,60,125000,true,65000
1318,CSE,120,85000,true,65000
1318,ECE,120,85000,true,65000
1318,MECH,60,85000,true,65000
1318,EEE,60,85000,true,65000
1318,IT,60,85000,true,65000
1318,CIVIL,60,85000,true,65000
1319,CSE,120,85000,true,65000
1319,ECE,120,85000,true,65000
1319,MECH,60,85000,true,65000
1319,EEE,60,85000,true,65000
1319,IT,60,85000,true,65000
1319,CIVIL,60,85000,true,65000
1321,CSE,120,85000,true,65000
1321,ECE,120,85000,true,65000
1321,MECH,60,85000,true,65000
1321,EEE,60,85000,true,65000
1321,IT,60,85000,true,65000
1321,CIVIL,60,85000,true,65000
1322,CSE,120,85000,true,65000
1322,ECE,120,85000,true,65000
1322,MECH,60,85000,true,65000
1322,EEE,60,85000,true,65000
1322,IT,60,85000,true,65000
1322,CIVIL,60,85000,true,65000
1324,CSE,180,125000,true,65000
1324,ECE,180,125000,true,65000
1324,MECH,120,125000,true,65000
1324,EEE,120,125000,true,65000
1324,IT,120,125000,true,65000
1324,CIVIL,60,125000,true,65000
1324,AIDS,120,125000,true,65000
1325,CSE,120,85000,true,65000
1325,ECE,120,85000,true,65000
1325,MECH,60,85000,true,65000
1325,EEE,60,85000,true,65000
1325,IT,60,85000,true,65000
1325,CIVIL,60,85000,true,65000
1399,CSE,180,125000,true,65000
1399,ECE,180,125000,true,65000
1399,MECH,120,125000,true,65000
1399,EEE,120,125000,true,65000
1399,IT,120,125000,true,65000
1399,CIVIL,60,125000,true,65000
1399,AIDS,120,125000,true,65000
1399,RA,60,125000,true,65000
1405,CSE,120,85000,true,65000
1405,ECE,120,85000,true,65000
1405,MECH,60,85000,true,65000
1405,EEE,60,85000,true,65000
1405,IT,60,85000,true,65000
1405,CIVIL,60,85000,true,65000
1413,CSE,120,85000,true,65000
1413,ECE,120,85000,true,65000
1413,MECH,60,85000,true,65000
1413,EEE,60,85000,true,65000
1413,IT,60,85000,true,65000
1413,CIVIL,60,85000,true,65000
1421,CSE,120,85000,true,65000
1421,ECE,120,85000,true,65000
1421,MECH,60,85000,true,65000
1421,EEE,60,85000,true,65000
1421,IT,60,85000,true,65000
1421,CIVIL,60,85000,true,65000
1422,CSE,180,125000,true,65000
1422,ECE,180,125000,true,65000
1422,MECH,120,125000,true,65000
1422,EEE,120,125000,true,65000
1422,IT,120,125000,true,65000
1422,CIVIL,60,125000,true,65000
1422,AIDS,120,125000,true,65000
1424,CSE,120,85000,true,65000
1424,ECE,120,85000,true,65000
1424,MECH,60,85000,true,65000
1424,EEE,60,85000,true,65000
1424,IT,60,85000,true,65000
1424,CIVIL,60,85000,true,65000
1427,CSE,180,125000,true,65000
1427,ECE,180,125000,true,65000
1427,MECH,120,125000,true,65000
1427,EEE,120,125000,true,65000
1427,IT,120,125000,true,65000
1427,CIVIL,60,125000,true,65000
1427,AIDS,120,125000,true,65000
1432,CSE,180,125000,true,65000
1432,ECE,180,125000,true,65000
1432,MECH,120,125000,true,65000
1432,EEE,120,125000,true,65000
1432,IT,120,125000,true,65000
1432,CIVIL,60,125000,true,65000
1432,AIDS,120,125000,true,65000
1438,CSE,180,125000,true,65000
1438,ECE,180,125000,true,65000
1438,MECH,120,125000,true,65000
1438,EEE,120,125000,true,65000
1438,IT,120,125000,true,65000
1438,CIVIL,60,125000,true,65000
1438,AIDS,120,125000,true,65000
1445,CSE,180,125000,true,65000
1445,ECE,180,125000,true,65000
1445,MECH,120,125000,true,65000
1445,EEE,120,125000,true,65000
1445,IT,120,125000,true,65000
1445,CIVIL,60,125000,true,65000
1445,AIDS,120,125000,true,65000
1450,CSE,180,125000,true,65000
1450,ECE,180,125000,true,65000
1450,MECH,120,125000,true,65000
1450,EEE,120,125000,true,65000
1450,IT,120,125000,true,65000
1450,CIVIL,60,125000,true,65000
1450,AIDS,120,125000,true,65000
1503,CSE,120,85000,true,65000
1503,ECE,120,85000,true,65000
1503,MECH,60,85000,true,65000
1503,EEE,60,85000,true,65000
1503,IT,60,85000,true,65000
1503,CIVIL,60,85000,true,65000
1504,CSE,180,125000,true,65000
1504,ECE,180,125000,true,65000
1504,MECH,120,125000,true,65000
1504,EEE,120,125000,true,65000
1504,IT,120,125000,true,65000
1504,CIVIL,60,125000,true,65000
1504,AIDS,120,125000,true,65000
1505,CSE,120,85000,true,65000
1505,ECE,120,85000,true,65000
1505,MECH,60,85000,true,65000
1505,EEE,60,85000,true,65000
1505,IT,60,85000,true,65000
1505,CIVIL,60,85000,true,65000
1516,CSE,120,35000,true,30000
1516,ECE,120,35000,true,30000
1516,MECH,60,35000,true,30000
1516,EEE,60,35000,true,30000
1516,IT,60,35000,true,30000
1516,CIVIL,60,35000,true,30000
1520,CSE,120,85000,true,65000
1520,ECE,120,85000,true,65000
1520,MECH,60,85000,true,65000
1520,EEE,60,85000,true,65000
1520,IT,60,85000,true,65000
1520,CIVIL,60,85000,true,65000
1526,CSE,120,85000,true,65000
1526,ECE,120,85000,true,65000
1526,MECH,60,85000,true,65000
1526,EEE,60,85000,true,65000
1526,IT,60,85000,true,65000
1526,CIVIL,60,85000,true,65000
2005,CSE,180,35000,true,30000
2005,ECE,180,35000,true,30000
2005,MECH,120,35000,true,30000
2005,EEE,120,35000,true,30000
2005,IT,120,35000,true,30000
2005,CIVIL,60,35000,true,30000
2005,AIDS,120,35000,true,30000
2006,CSE,180,85000,true,65000
2006,ECE,180,85000,true,65000
2006,MECH,120,85000,true,65000
2006,EEE,120,85000,true,65000
2006,IT,120,85000,true,65000
2006,CIVIL,60,85000,true,65000
2006,AIDS,120,85000,true,65000
2006,AIML,60,85000,true,65000
2006,CYBER,60,85000,true,65000
2006,CHEM,60,85000,true,65000
2006,BM,60,85000,true,65000
2006,AUTO,60,85000,true,65000
2006,RA,60,85000,true,65000
2006,CB,60,85000,true,65000
2007,CSE,180,85000,true,65000
2007,ECE,180,85000,true,65000
2007,MECH,120,85000,true,65000
2007,EEE,120,85000,true,65000
2007,IT,120,85000,true,65000
2007,CIVIL,60,85000,true,65000
2007,AIDS,120,85000,true,65000
2007,AIML,60,85000,true,65000
2007,CYBER,60,85000,true,65000
2007,CHEM,60,85000,true,65000
2025,CSE,120,35000,true,65000
2025,ECE,120,35000,true,65000
2025,MECH,60,35000,true,65000
2025,EEE,60,35000,true,65000
2025,IT,60,35000,true,65000
2025,CIVIL,60,35000,true,65000
2377,CSE,180,125000,true,65000
2377,ECE,180,125000,true,65000
2377,MECH,120,125000,true,65000
2377,EEE,120,125000,true,65000
2377,AIDS,120,125000,true,65000
2378,CSE,120,35000,true,30000
2378,ECE,120,35000,true,30000
2378,MECH,60,35000,true,30000
2378,EEE,60,35000,true,30000
2378,IT,60,35000,true,30000
2378,CIVIL,60,35000,true,30000
2602,CSE,180,125000,true,65000
2602,ECE,180,125000,true,65000
2602,MECH,120,125000,true,65000
2602,EEE,120,125000,true,65000
2602,IT,120,125000,true,65000
2602,CIVIL,60,125000,true,65000
2602,AIDS,120,125000,true,65000
2603,CSE,180,35000,true,30000
2603,ECE,180,35000,true,30000
2603,MECH,120,35000,true,30000
2603,EEE,120,35000,true,30000
2603,IT,120,35000,true,30000
2603,CIVIL,60,35000,true,30000
2603,AIDS,120,35000,true,30000
2607,CSE,180,125000,true,65000
2607,ECE,180,125000,true,65000
2607,MECH,120,125000,true,65000
2607,EEE,120,125000,true,65000
2607,IT,120,125000,true,65000
2607,CIVIL,60,125000,true,65000
2607,AIDS,120,125000,true,65000
2608,CSE,180,125000,true,65000
2608,ECE,180,125000,true,65000
2608,MECH,120,125000,true,65000
2608,EEE,120,125000,true,65000
2608,IT,120,125000,true,65000
2608,CIVIL,60,125000,true,65000
2608,AIDS,120,125000,true,65000
2611,CSE,120,85000,true,65000
2611,ECE,120,85000,true,65000
2611,MECH,60,85000,true,65000
2611,EEE,60,85000,true,65000
2611,IT,60,85000,true,65000
2611,CIVIL,60,85000,true,65000
2612,CSE,120,85000,true,65000
2612,ECE,120,85000,true,65000
2612,MECH,60,85000,true,65000
2612,EEE,60,85000,true,65000
2612,IT,60,85000,true,65000
2612,CIVIL,60,85000,true,65000
2613,CSE,180,125000,true,65000
2613,ECE,180,125000,true,65000
2613,MECH,120,125000,true,65000
2613,EEE,120,125000,true,65000
2613,IT,120,125000,true,65000
2613,CIVIL,60,125000,true,65000
2613,AIDS,120,125000,true,65000
2614,CSE,180,125000,true,65000
2614,ECE,180,125000,true,65000
2614,MECH,120,125000,true,65000
2614,EEE,120,125000,true,65000
2614,IT,120,125000,true,65000
2614,CIVIL,60,125000,true,65000
2614,AIDS,120,125000,true,65000
2615,CSE,180,35000,true,30000
2615,ECE,180,35000,true,30000
2615,MECH,120,35000,true,30000
2615,EEE,120,35000,true,30000
2615,IT,120,35000,true,30000
2615,CIVIL,60,35000,true,30000
2615,AIDS,120,35000,true,30000
2617,CSE,120,85000,true,65000
2617,ECE,120,85000,true,65000
2617,MECH,60,85000,true,65000
2617,EEE,60,85000,true,65000
2617,IT,60,85000,true,65000
2617,CIVIL,60,85000,true,65000
2618,CSE,180,125000,true,65000
2618,ECE,180,125000,true,65000
2618,MECH,120,125000,true,65000
2618,EEE,120,125000,true,65000
2618,IT,120,125000,true,65000
2618,CIVIL,60,125000,true,65000
2618,AIDS,120,125000,true,65000
2620,CSE,180,125000,true,65000
2620,ECE,180,125000,true,65000
2620,MECH,120,125000,true,65000
2620,EEE,120,125000,true,65000
2620,IT,120,125000,true,65000
2620,CIVIL,60,125000,true,65000
2620,AIDS,120,125000,true,65000
2621,CSE,120,85000,true,65000
2621,ECE,120,85000,true,65000
2621,MECH,60,85000,true,65000
2621,EEE,60,85000,true,65000
2621,IT,60,85000,true,65000
2621,CIVIL,60,85000,true,65000
2622,CSE,120,85000,true,65000
2622,ECE,120,85000,true,65000
2622,MECH,60,85000,true,65000
2622,EEE,60,85000,true,65000
2622,IT,60,85000,true,65000
2622,CIVIL,60,85000,true,65000
2623,CSE,120,85000,true,65000
2623,ECE,120,85000,true,65000
2623,MECH,60,85000,true,65000
2623,EEE,60,85000,true,65000
2623,IT,60,85000,true,65000
2623,CIVIL,60,85000,true,65000
2624,CSE,120,85000,true,65000
2624,ECE,120,85000,true,65000
2624,MECH,60,85000,true,65000
2624,EEE,60,85000,true,65000
2624,IT,60,85000,true,65000
2624,CIVIL,60,85000,true,65000
2625,CSE,180,125000,true,65000
2625,ECE,180,125000,true,65000
2625,MECH,120,125000,true,65000
2625,EEE,120,125000,true,65000
2625,IT,120,125000,true,65000
2625,CIVIL,60,125000,true,65000
2625,AIDS,120,125000,true,65000
2627,CSE,180,125000,true,65000
2627,ECE,180,125000,true,65000
2627,MECH,120,125000,true,65000
2627,EEE,120,125000,true,65000
2627,IT,120,125000,true,65000
2627,CIVIL,60,125000,true,65000
2627,AIDS,120,125000,true,65000
2628,CSE,180,125000,true,65000
2628,ECE,180,125000,true,65000
2628,MECH,120,125000,true,65000
2628,EEE,120,125000,true,65000
2628,IT,120,125000,true,65000
2628,CIVIL,60,125000,true,65000
2628,AIDS,120,125000,true,65000
2630,CSE,120,85000,true,65000
2630,ECE,120,85000,true,65000
2630,MECH,60,85000,true,65000
2630,EEE,60,85000,true,65000
2630,IT,60,85000,true,65000
2630,CIVIL,60,85000,true,65000
2634,CSE,180,125000,true,65000
2634,ECE,180,125000,true,65000
2634,MECH,120,125000,true,65000
2634,EEE,120,125000,true,65000
2634,IT,120,125000,true,65000
2634,CIVIL,60,125000,true,65000
2634,AIDS,120,125000,true,65000
2635,CSE,120,85000,true,65000
2635,ECE,120,85000,true,65000
2635,MECH,60,85000,true,65000
2635,EEE,60,85000,true,65000
2635,IT,60,85000,true,65000
2635,CIVIL,60,85000,true,65000
2636,CSE,180,125000,true,65000
2636,ECE,180,125000,true,65000
2636,MECH,120,125000,true,65000
2636,EEE,120,125000,true,65000
2636,IT,120,125000,true,65000
2636,CIVIL,60,125000,true,65000
2636,AIDS,120,125000,true,65000
2638,CSE,180,125000,true,65000
2638,ECE,180,125000,true,65000
2638,MECH,120,125000,true,65000
2638,EEE,120,125000,true,65000
2638,IT,120,125000,true,65000
2638,CIVIL,60,125000,true,65000
2638,AIDS,120,125000,true,65000
2670,CSE,180,125000,true,65000
2670,ECE,180,125000,true,65000
2670,MECH,120,125000,true,65000
2670,EEE,120,125000,true,65000
2670,IT,120,125000,true,65000
2670,CIVIL,60,125000,true,65000
2670,AIDS,120,125000,true,65000
2702,CSE,180,125000,true,65000
2702,ECE,180,125000,true,65000
2702,MECH,120,125000,true,65000
2702,EEE,120,125000,true,65000
2702,IT,120,125000,true,65000
2702,CIVIL,60,125000,true,65000
2702,AIDS,120,125000,true,65000
2702,AIML,60,125000,true,65000
2702,CYBER,60,125000,true,65000
2702,BT,60,125000,true,65000
2702,FT,60,125000,true,65000
2704,CSE,180,125000,true,65000
2704,ECE,180,125000,true,65000
2704,MECH,120,125000,true,65000
2704,EEE,120,125000,true,65000
2704,IT,120,125000,true,65000
2704,CIVIL,60,125000,true,65000
2704,AIDS,120,125000,true,65000
2706,CSE,180,125000,true,65000
2706,ECE,180,125000,true,65000
2706,MECH,120,125000,true,65000
2706,EEE,120,125000,true,65000
2706,IT,120,125000,true,65000
2706,CIVIL,60,125000,true,65000
2706,AIDS,120,125000,true,65000
2707,CSE,120,85000,true,65000
2707,ECE,120,85000,true,65000
2707,MECH,60,85000,true,65000
2707,EEE,60,85000,true,65000
2707,IT,60,85000,true,65000
2707,CIVIL,60,85000,true,65000
2708,CSE,180,125000,true,65000
2708,ECE,180,125000,true,65000
2708,MECH,120,125000,true,65000
2708,EEE,120,125000,true,65000
2708,IT,120,125000,true,65000
2708,CIVIL,60,125000,true,65000
2708,AIDS,120,125000,true,65000
2710,CSE,180,125000,true,65000
2710,ECE,180,125000,true,65000
2710,MECH,120,125000,true,65000
2710,EEE,120,125000,true,65000
2710,IT,120,125000,true,65000
2710,CIVIL,60,125000,true,65000
2710,AIDS,120,125000,true,65000
2711,CSE,180,125000,true,65000
2711,ECE,180,125000,true,65000
2711,MECH,120,125000,true,65000
2711,EEE,120,125000,true,65000
2711,IT,120,125000,true,65000
2711,CIVIL,60,125000,true,65000
2711,AIDS,120,125000,true,65000
2711,AIML,60,125000,true,65000
2711,CYBER,60,125000,true,65000
2711,CHEM,60,125000,true,65000
2711,AUTO,60,125000,true,65000
2711,FT,60,125000,true,65000
2712,CSE,180,125000,true,65000
2712,ECE,180,125000,true,65000
2712,MECH,120,125000,true,65000
2712,EEE,120,125000,true,65000
2712,IT,120,125000,true,65000
2712,CIVIL,60,125000,true,65000
2712,AIDS,120,125000,true,65000
2712,AIML,60,125000,true,65000
2712,CYBER,60,125000,true,65000
2712,BT,60,125000,true,65000
2712,AUTO,60,125000,true,65000
2715,CSE,180,125000,true,65000
2715,ECE,180,125000,true,65000
2715,MECH,120,125000,true,65000
2715,EEE,120,125000,true,65000
2715,IT,120,125000,true,65000
2715,CIVIL,60,125000,true,65000
2715,AIDS,120,125000,true,65000
2715,BM,60,125000,true,65000
2715,RA,60,125000,true,65000
2716,CSE,180,125000,true,65000
2716,ECE,180,125000,true,65000
2716,MECH,120,125000,true,65000
2716,EEE,120,125000,true,65000
2716,IT,120,125000,true,65000
2716,CIVIL,60,125000,true,65000
2716,AIDS,120,125000,true,65000
2718,CSE,180,125000,true,65000
2718,ECE,180,125000,true,65000
2718,MECH,120,125000,true,65000
2718,EEE,120,125000,true,65000
2718,IT,120,125000,true,65000
2718,CIVIL,60,125000,true,65000
2718,AIDS,120,125000,true,65000
2718,AIML,60,125000,true,65000
2718,CYBER,60,125000,true,65000
2718,CB,60,125000,true,65000
2719,CSE,180,125000,true,65000
2719,ECE,180,125000,true,65000
2719,MECH,120,125000,true,65000
2719,EEE,120,125000,true,65000
2719,IT,120,125000,true,65000
2719,CIVIL,60,125000,true,65000
2719,AIDS,120,125000,true,65000
2722,CSE,180,125000,true,65000
2722,ECE,180,125000,true,65000
2722,MECH,120,125000,true,65000
2722,EEE,120,125000,true,65000
2722,IT,120,125000,true,65000
2722,CIVIL,60,125000,true,65000
2722,AIDS,120,125000,true,65000
2723,CSE,180,125000,true,65000
2723,ECE,180,125000,true,65000
2723,MECH,120,125000,true,65000
2723,EEE,120,125000,true,65000
2723,IT,120,125000,true,65000
2723,CIVIL,60,125000,true,65000
2723,AIDS,120,125000,true,65000
2726,CSE,180,125000,true,65000
2726,ECE,180,125000,true,65000
2726,MECH,120,125000,true,65000
2726,EEE,120,125000,true,65000
2726,IT,120,125000,true,65000
2726,CIVIL,60,125000,true,65000
2726,AIDS,120,125000,true,65000
2731,CSE,180,125000,true,65000
2731,ECE,180,125000,true,65000
2731,MECH,120,125000,true,65000
2731,EEE,120,125000,true,65000
2731,IT,120,125000,true,65000
2731,CIVIL,60,125000,true,65000
2731,AIDS,120,125000,true,65000
2734,CSE,180,125000,true,65000
2734,ECE,180,125000,true,65000
2734,MECH,120,125000,true,65000
2734,EEE,120,125000,true,65000
2734,IT,120,125000,true,65000
2734,CIVIL,60,125000,true,65000
2734,AIDS,120,125000,true,65000
2735,CSE,120,85000,true,65000
2735,ECE,120,85000,true,65000
2735,MECH,60,85000,true,65000
2735,EEE,60,85000,true,65000
2735,IT,60,85000,true,65000
2735,CIVIL,60,85000,true,65000
2739,CSE,180,125000,true,65000
2739,ECE,180,125000,true,65000
2739,MECH,120,125000,true,65000
2739,EEE,120,125000,true,65000
2739,IT,120,125000,true,65000
2739,CIVIL,60,125000,true,65000
2739,AIDS,120,125000,true,65000
2739,AIML,60,125000,true,65000
2739,CYBER,60,125000,true,65000
2739,CB,60,125000,true,65000
2740,CSE,120,85000,true,65000
2740,ECE,120,85000,true,65000
2740,MECH,60,85000,true,65000
2740,EEE,60,85000,true,65000
2740,IT,60,85000,true,65000
2740,CIVIL,60,85000,true,65000
2745,CSE,180,125000,true,65000
2745,ECE,180,125000,true,65000
2745,MECH,120,125000,true,65000
2745,EEE,120,125000,true,65000
2745,IT,120,125000,true,65000
2745,CIVIL,60,125000,true,65000
2745,AIDS,120,125000,true,65000
2751,CSE,180,125000,true,65000
2751,ECE,180,125000,true,65000
2751,MECH,120,125000,true,65000
2751,EEE,120,125000,true,65000
2751,IT,120,125000,true,65000
2751,CIVIL,60,125000,true,65000
2751,AIDS,120,125000,true,65000
2751,AIML,60,125000,true,65000
2751,CYBER,60,125000,true,65000
2752,CSE,120,85000,true,65000
2752,ECE,120,85000,true,65000
2752,MECH,60,85000,true,65000
2752,EEE,60,85000,true,65000
2752,IT,60,85000,true,65000
2752,CIVIL,60,85000,true,65000
2753,CSE,120,85000,true,65000
2753,ECE,120,85000,true,65000
2753,MECH,60,85000,true,65000
2753,EEE,60,85000,true,65000
2753,IT,60,85000,true,65000
2753,CIVIL,60,85000,true,65000
2761,CSE,120,85000,true,65000
2761,ECE,120,85000,true,65000
2761,MECH,60,85000,true,65000
2761,EEE,60,85000,true,65000
2761,IT,60,85000,true,65000
2761,CIVIL,60,85000,true,65000
2768,CSE,120,85000,true,65000
2768,ECE,120,85000,true,65000
2768,MECH,60,85000,true,65000
2768,EEE,60,85000,true,65000
2768,IT,60,85000,true,65000
2768,CIVIL,60,85000,true,65000
3011,CSE,180,35000,true,65000
3011,ECE,180,35000,true,65000
3011,MECH,120,35000,true,65000
3011,EEE,120,35000,true,65000
3011,IT,120,35000,true,65000
3011,CIVIL,60,35000,true,65000
3011,AIDS,120,35000,true,65000
3011,BT,60,35000,true,65000
3011,AUTO,60,35000,true,65000
3016,CSE,120,35000,true,65000
3016,ECE,120,35000,true,65000
3016,MECH,60,35000,true,65000
3016,EEE,60,35000,true,65000
3016,IT,60,35000,true,65000
3016,CIVIL,60,35000,true,65000
3017,CSE,120,35000,true,30000
3017,ECE,120,35000,true,30000
3017,MECH,60,35000,true,30000
3017,EEE,60,35000,true,30000
3017,IT,60,35000,true,30000
3017,CIVIL,60,35000,true,30000
3018,CSE,120,35000,true,65000
3018,ECE,120,35000,true,65000
3018,MECH,60,35000,true,65000
3018,EEE,60,35000,true,65000
3018,IT,60,35000,true,65000
3018,CIVIL,60,35000,true,65000
3019,CSE,120,35000,true,65000
3019,ECE,120,35000,true,65000
3019,MECH,60,35000,true,65000
3019,EEE,60,35000,true,65000
3019,IT,60,35000,true,65000
3019,CIVIL,60,35000,true,65000
3021,CSE,120,35000,true,65000
3021,ECE,120,35000,true,65000
3021,MECH,60,35000,true,65000
3021,EEE,60,35000,true,65000
3021,IT,60,35000,true,65000
3021,CIVIL,60,35000,true,65000
3464,CSE,120,35000,true,30000
3464,ECE,120,35000,true,30000
3464,MECH,60,35000,true,30000
3464,EEE,60,35000,true,30000
3465,CSE,120,35000,true,30000
3465,ECE,120,35000,true,30000
3465,MECH,60,35000,true,30000
3465,EEE,60,35000,true,30000
3801,CSE,120,85000,true,65000
3801,ECE,120,85000,true,65000
3801,MECH,60,85000,true,65000
3801,EEE,60,85000,true,65000
3801,IT,60,85000,true,65000
3801,CIVIL,60,85000,true,65000
3805,CSE,180,125000,true,65000
3805,ECE,180,125000,true,65000
3805,MECH,120,125000,true,65000
3805,EEE,120,125000,true,65000
3805,IT,120,125000,true,65000
3805,CIVIL,60,125000,true,65000
3805,AIDS,120,125000,true,65000
3811,CSE,120,85000,true,65000
3811,ECE,120,85000,true,65000
3811,MECH,60,85000,true,65000
3811,EEE,60,85000,true,65000
3811,IT,60,85000,true,65000
3811,CIVIL,60,85000,true,65000
3812,CSE,120,85000,true,65000
3812,ECE,120,85000,true,65000
3812,MECH,60,85000,true,65000
3812,EEE,60,85000,true,65000
3812,IT,60,85000,true,65000
3812,CIVIL,60,85000,true,65000
3814,CSE,120,85000,true,65000
3814,ECE,120,85000,true,65000
3814,MECH,60,85000,true,65000
3814,EEE,60,85000,true,65000
3814,IT,60,85000,true,65000
3814,CIVIL,60,85000,true,65000
3815,CSE,120,85000,true,65000
3815,ECE,120,85000,true,65000
3815,MECH,60,85000,true,65000
3815,EEE,60,85000,true,65000
3815,IT,60,85000,true,65000
3815,CIVIL,60,85000,true,65000
3819,CSE,180,125000,true,65000
3819,ECE,180,125000,true,65000
3819,MECH,120,125000,true,65000
3819,EEE,120,125000,true,65000
3819,IT,120,125000,true,65000
3819,CIVIL,60,125000,true,65000
3819,AIDS,120,125000,true,65000
3820,CSE,120,85000,true,65000
3820,ECE,120,85000,true,65000
3820,MECH,60,85000,true,65000
3820,EEE,60,85000,true,65000
3820,IT,60,85000,true,65000
3820,CIVIL,60,85000,true,65000
3825,CSE,120,85000,true,65000
3825,ECE,120,85000,true,65000
3825,MECH,60,85000,true,65000
3825,EEE,60,85000,true,65000
3825,IT,60,85000,true,65000
3825,CIVIL,60,85000,true,65000
3826,CSE,120,35000,true,30000
3826,ECE,120,35000,true,30000
3826,MECH,60,35000,true,30000
3826,EEE,60,35000,true,30000
3829,CSE,120,85000,true,65000
3829,ECE,120,85000,true,65000
3829,MECH,60,85000,true,65000
3829,EEE,60,85000,true,65000
3829,IT,60,85000,true,65000
3829,CIVIL,60,85000,true,65000
3830,CSE,180,125000,true,65000
3830,ECE,180,125000,true,65000
3830,MECH,120,125000,true,65000
3830,EEE,120,125000,true,65000
3830,IT,120,125000,true,65000
3830,CIVIL,60,125000,true,65000
3830,AIDS,120,125000,true,65000
3831,CSE,120,85000,true,65000
3831,ECE,120,85000,true,65000
3831,MECH,60,85000,true,65000
3831,EEE,60,85000,true,65000
3831,IT,60,85000,true,65000
3831,CIVIL,60,85000,true,65000
3843,CSE,120,85000,true,65000
3843,ECE,120,85000,true,65000
3843,MECH,60,85000,true,65000
3843,EEE,60,85000,true,65000
3843,IT,60,85000,true,65000
3843,CIVIL,60,85000,true,65000
3845,CSE,120,85000,true,65000
3845,ECE,120,85000,true,65000
3845,MECH,60,85000,true,65000
3845,EEE,60,85000,true,65000
3845,IT,60,85000,true,65000
3845,CIVIL,60,85000,true,65000
3848,CSE,180,125000,true,65000
3848,ECE,180,125000,true,65000
3848,MECH,120,125000,true,65000
3848,EEE,120,125000,true,65000
3848,IT,120,125000,true,65000
3848,CIVIL,60,125000,true,65000
3848,AIDS,120,125000,true,65000
3849,CSE,120,85000,true,65000
3849,ECE,120,85000,true,65000
3849,MECH,60,85000,true,65000
3849,EEE,60,85000,true,65000
3849,IT,60,85000,true,65000
3849,CIVIL,60,85000,true,65000
3850,CSE,120,85000,true,65000
3850,ECE,120,85000,true,65000
3850,MECH,60,85000,true,65000
3850,EEE,60,85000,true,65000
3850,IT,60,85000,true,65000
3850,CIVIL,60,85000,true,65000
3855,CSE,120,85000,true,65000
3855,ECE,120,85000,true,65000
3855,MECH,60,85000,true,65000
3855,EEE,60,85000,true,65000
3855,IT,60,85000,true,65000
3855,CIVIL,60,85000,true,65000
4020,CSE,120,35000,true,65000
4020,ECE,120,35000,true,65000
4020,MECH,60,35000,true,65000
4020,EEE,60,35000,true,65000
4020,IT,60,35000,true,65000
4020,CIVIL,60,35000,true,65000
4023,CSE,120,35000,true,65000
4023,ECE,120,35000,true,65000
4023,MECH,60,35000,true,65000
4023,EEE,60,35000,true,65000
4023,IT,60,35000,true,65000
4023,CIVIL,60,35000,true,65000
4024,CSE,120,35000,true,65000
4024,ECE,120,35000,true,65000
4024,MECH,60,35000,true,65000
4024,EEE,60,35000,true,65000
4024,IT,60,35000,true,65000
4024,CIVIL,60,35000,true,65000
4025,CSE,120,35000,true,65000
4025,ECE,120,35000,true,65000
4025,MECH,60,35000,true,65000
4025,EEE,60,35000,true,65000
4025,IT,60,35000,true,65000
4025,CIVIL,60,35000,true,65000
4954,CSE,120,85000,true,65000
4954,ECE,120,85000,true,65000
4954,MECH,60,85000,true,65000
4954,EEE,60,85000,true,65000
4954,IT,60,85000,true,65000
4954,CIVIL,60,85000,true,65000
4960,CSE,180,35000,true,30000
4960,ECE,180,35000,true,30000
4960,MECH,120,35000,true,30000
4960,EEE,120,35000,true,30000
4960,IT,120,35000,true,30000
4960,CIVIL,60,35000,true,30000
4960,AIDS,120,35000,true,30000
4962,CSE,120,85000,true,65000
4962,ECE,120,85000,true,65000
4962,MECH,60,85000,true,65000
4962,EEE,60,85000,true,65000
4962,IT,60,85000,true,65000
4962,CIVIL,60,85000,true,65000
4965,CSE,180,125000,true,65000
4965,ECE,180,125000,true,65000
4965,MECH,120,125000,true,65000
4965,EEE,120,125000,true,65000
4965,IT,120,125000,true,65000
4965,CIVIL,60,125000,true,65000
4965,AIDS,120,125000,true,65000
4965,BT,60,125000,true,65000
4969,CSE,120,85000,true,65000
4969,ECE,120,85000,true,65000
4969,MECH,60,85000,true,65000
4969,EEE,60,85000,true,65000
4969,IT,60,85000,true,65000
4969,CIVIL,60,85000,true,65000
4970,CSE,120,85000,true,65000
4970,ECE,120,85000,true,65000
4970,MECH,60,85000,true,65000
4970,EEE,60,85000,true,65000
4970,IT,60,85000,true,65000
4970,CIVIL,60,85000,true,65000
4972,CSE,180,125000,true,65000
4972,ECE,180,125000,true,65000
4972,MECH,120,125000,true,65000
4972,EEE,120,125000,true,65000
4972,IT,120,125000,true,65000
4972,CIVIL,60,125000,true,65000
4972,AIDS,120,125000,true,65000
4974,CSE,180,125000,true,65000
4974,ECE,180,125000,true,65000
4974,MECH,120,125000,true,65000
4974,EEE,120,125000,true,65000
4974,IT,120,125000,true,65000
4974,CIVIL,60,125000,true,65000
4974,AIDS,120,125000,true,65000
4976,CSE,180,125000,true,65000
4976,ECE,180,125000,true,65000
4976,MECH,120,125000,true,65000
4976,EEE,120,125000,true,65000
4976,IT,120,125000,true,65000
4976,CIVIL,60,125000,true,65000
4976,AIDS,120,125000,true,65000
4983,CSE,120,85000,true,65000
4983,ECE,120,85000,true,65000
4983,MECH,60,85000,true,65000
4983,EEE,60,85000,true,65000
4984,CSE,120,85000,true,65000
4984,ECE,120,85000,true,65000
4984,MECH,60,85000,true,65000
4984,EEE,60,85000,true,65000
4984,IT,60,85000,true,65000
4984,CIVIL,60,85000,true,65000
4985,CSE,120,85000,true,65000
4985,ECE,120,85000,true,65000
4985,MECH,60,85000,true,65000
4985,EEE,60,85000,true,65000
4985,IT,60,85000,true,65000
4985,CIVIL,60,85000,true,65000
4987,CSE,120,85000,true,65000
4987,ECE,120,85000,true,65000
4987,MECH,60,85000,true,65000
4987,EEE,60,85000,true,65000
4989,CSE,180,125000,true,65000
4989,ECE,180,125000,true,65000
4989,MECH,120,125000,true,65000
4989,EEE,120,125000,true,65000
4989,IT,120,125000,true,65000
4989,CIVIL,60,125000,true,65000
4989,AIDS,120,125000,true,65000
4991,CSE,120,85000,true,65000
4991,ECE,120,85000,true,65000
4991,MECH,60,85000,true,65000
4991,EEE,60,85000,true,65000
4991,IT,60,85000,true,65000
4991,CIVIL,60,85000,true,65000
4992,CSE,120,85000,true,65000
4992,ECE,120,85000,true,65000
4992,MECH,60,85000,true,65000
4992,EEE,60,85000,true,65000
4992,IT,60,85000,true,65000
4992,CIVIL,60,85000,true,65000
4993,CSE,180,125000,true,65000
4993,ECE,180,125000,true,65000
4993,MECH,120,125000,true,65000
4993,EEE,120,125000,true,65000
4993,IT,120,125000,true,65000
4993,CIVIL,60,125000,true,65000
4993,AIDS,120,125000,true,65000
4994,CSE,180,125000,true,65000
4994,ECE,180,125000,true,65000
4994,MECH,120,125000,true,65000
4994,EEE,120,125000,true,65000
4994,IT,120,125000,true,65000
4994,CIVIL,60,125000,true,65000
4994,AIDS,120,125000,true,65000
4995,CSE,120,85000,true,65000
4995,ECE,120,85000,true,65000
4995,MECH,60,85000,true,65000
4995,EEE,60,85000,true,65000
4995,IT,60,85000,true,65000
4995,CIVIL,60,85000,true,65000
5002,CSE,180,35000,true,30000
5002,ECE,180,35000,true,30000
5002,MECH,120,35000,true,30000
5002,EEE,120,35000,true,30000
5002,IT,120,35000,true,30000
5002,CIVIL,60,35000,true,30000
5002,AIDS,120,35000,true,30000
5008,CSE,180,85000,true,65000
5008,ECE,180,85000,true,65000
5008,MECH,120,85000,true,65000
5008,EEE,120,85000,true,65000
5008,IT,120,85000,true,65000
5008,CIVIL,60,85000,true,65000
5008,AIDS,120,85000,true,65000
5012,CSE,120,35000,true,65000
5012,ECE,120,35000,true,65000
5012,MECH,60,35000,true,65000
5012,EEE,60,35000,true,65000
5012,IT,60,35000,true,65000
5012,CIVIL,60,35000,true,65000
5901,CSE,120,35000,true,30000
5901,ECE,120,35000,true,30000
5901,MECH,60,35000,true,30000
5901,EEE,60,35000,true,30000
5904,CSE,180,125000,true,65000
5904,ECE,180,125000,true,65000
5904,MECH,120,125000,true,65000
5904,EEE,120,125000,true,65000
5904,IT,120,125000,true,65000
5904,CIVIL,60,125000,true,65000
5904,AIDS,120,125000,true,65000
5907,CSE,120,85000,true,65000
5907,ECE,120,85000,true,65000
5907,MECH,60,85000,true,65000
5907,EEE,60,85000,true,65000
5907,IT,60,85000,true,65000
5907,CIVIL,60,85000,true,65000
5910,CSE,180,125000,true,65000
5910,ECE,180,125000,true,65000
5910,MECH,120,125000,true,65000
5910,EEE,120,125000,true,65000
5910,IT,120,125000,true,65000
5910,CIVIL,60,125000,true,65000
5910,AIDS,120,125000,true,65000
5910,BM,60,125000,true,65000
5912,CSE,120,85000,true,65000
5912,ECE,120,85000,true,65000
5912,MECH,60,85000,true,65000
5912,EEE,60,85000,true,65000
5912,IT,60,85000,true,65000
5912,CIVIL,60,85000,true,65000
5914,CSE,120,85000,true,65000
5914,ECE,120,85000,true,65000
5914,MECH,60,85000,true,65000
5914,EEE,60,85000,true,65000
5914,IT,60,85000,true,65000
5914,CIVIL,60,85000,true,65000
5915,CSE,180,125000,true,65000
5915,ECE,180,125000,true,65000
5915,MECH,120,125000,true,65000
5915,EEE,120,125000,true,65000
5915,IT,120,125000,true,65000
5915,CIVIL,60,125000,true,65000
5915,AIDS,120,125000,true,65000
5919,CSE,120,85000,true,65000
5919,ECE,120,85000,true,65000
5919,MECH,60,85000,true,65000
5919,EEE,60,85000,true,65000
5919,IT,60,85000,true,65000
5919,CIVIL,60,85000,true,65000
5922,CSE,120,85000,true,65000
5922,ECE,120,85000,true,65000
5922,MECH,60,85000,true,65000
5922,EEE,60,85000,true,65000
5922,IT,60,85000,true,65000
5922,CIVIL,60,85000,true,65000
5986,CSE,180,125000,true,65000
5986,ECE,180,125000,true,65000
5986,MECH,120,125000,true,65000
5986,EEE,120,125000,true,65000
5986,IT,120,125000,true,65000
5986,CIVIL,60,125000,true,65000
5986,AIDS,120,125000,true,65000